section,name,package,description,status,introduced_in,removed_in,v22,v21,v20,v19,v18,v17,v16,v15,v14,angular_courses_url,angular_dev_url,notes
Features,Standalone API,@angular/core,"Directly import other components, directives, and pipes used in their templates and enable some features such as defer, hostDirectives and loadComponent.",stable,14,,stable,stable,stable,stable,stable,stable,stable,stable,experimental,https://www.angular.courses/caniuse?tab=features,https://angular.dev/guide/components/importing#standalone-components,migration: ng generate @angular/core:standalone
Features,@defer,@angular/core,"Defer the loading of select dependencies such as components, directives, and pipes, and any associated CSS within a template",stable,17,,stable,stable,stable,stable,stable,preview,not_available,not_available,not_available,https://www.angular.courses/caniuse?tab=features,https://angular.dev/guide/defer#,
Features,@for,@angular/core,Angular templates support control flow blocks that let you conditionally repeat elements.,stable,17,,stable,stable,stable,stable,stable,preview,not_available,not_available,not_available,https://www.angular.courses/caniuse?tab=features,https://angular.dev/guide/templates/control-flow#repeat-content-with-the-for-block,migration: ng generate @angular/core:control-flow
Features,@switch,@angular/core,Angular templates support control flow blocks that let you conditionally show elements.,stable,17,,stable,stable,stable,stable,stable,preview,not_available,not_available,not_available,https://www.angular.courses/caniuse?tab=features,https://angular.dev/guide/templates/control-flow#conditionally-display-content-with-the-switch-block,migration: ng generate @angular/core:control-flow
Features,@if,@angular/core,Angular templates support control flow blocks that let you conditionally show and hide elements.,stable,17,,stable,stable,stable,stable,stable,preview,not_available,not_available,not_available,https://www.angular.courses/caniuse?tab=features,https://angular.dev/guide/templates/control-flow#conditionally-display-content-with-if-else-if-and-else,migration: ng generate @angular/core:control-flow
Features,Functional guards/resolvers,@angular/router,Create guards and resolvers using functions.,stable,14.2,,stable,stable,stable,stable,stable,stable,stable,stable,not_available,https://www.angular.courses/caniuse?tab=features,,
Features,Functional interceptors,@angular/router,Create interceptors using functions.,stable,15,,stable,stable,stable,stable,stable,stable,stable,stable,not_available,https://www.angular.courses/caniuse?tab=features,https://v18.angular.dev/guide/http/interceptors#,
Features,@let,@angular/core,Define a local variable and re-use it across the template.,stable,18.1,,stable,stable,stable,stable,not_available,not_available,not_available,not_available,not_available,https://www.angular.courses/caniuse?tab=features,https://angular.dev/guide/templates/variables#local-template-variables-with-let,
Features,Signal (core),@angular/core,"System that granularly tracks how and where your state is used throughout an application, allowing the framework to optimize rendering updates.",stable,16,,stable,stable,stable,stable,stable,stable,preview,not_available,not_available,https://www.angular.courses/caniuse?tab=features,https://angular.dev/guide/signals#,
Features,Signal inputs,@angular/core,Allow values to be bound from parent components.,stable,17.1,,stable,stable,stable,stable,preview,not_available,not_available,not_available,not_available,https://www.angular.courses/caniuse?tab=features,https://angular.dev/guide/signals/inputs#,migration: ng generate @angular/core:signal-input-migration
Features,output(),@angular/core,Enable emitting values to parent directives and components.,stable,17.3,,stable,stable,stable,stable,preview,not_available,not_available,not_available,not_available,https://www.angular.courses/caniuse?tab=features,https://angular.dev/guide/components/outputs#,migration: ng generate @angular/core:output-migration
Features,Signal queries,@angular/core,"Signals to retrieve references to child components, directives, DOM elements, and more.",stable,17.2,,stable,stable,stable,stable,preview,not_available,not_available,not_available,not_available,https://www.angular.courses/caniuse?tab=features,https://angular.dev/guide/signals/queries#,migration: ng generate @angular/core:signal-queries-migration
Features,Signal model,@angular/core,Special type of input that enable a component to propagate new values back to another component.,stable,17.2,,stable,stable,stable,stable,preview,not_available,not_available,not_available,not_available,https://www.angular.courses/caniuse?tab=features,https://angular.dev/guide/signals/model,
Features,Signal effect,@angular/core,Operation that runs whenever one or more signal values change.,stable,16,,stable,stable,stable,preview,preview,preview,preview,not_available,not_available,https://www.angular.courses/caniuse?tab=features,https://angular.dev/guide/signals#effects,
Features,Signal inputs converter,@angular/language-service,Language service refactoring action that can convert `@Input()` declarations to signal inputs.,stable,19,,stable,stable,stable,stable,not_available,not_available,not_available,not_available,not_available,https://www.angular.courses/caniuse?tab=features,,
Features,withEventReplay,@angular/platform-browser,Support for replaying user events (e.g. clicks) that happened on a page before hydration logic has completed.,stable,18,,stable,stable,stable,stable,preview,not_available,not_available,not_available,not_available,https://www.angular.courses/caniuse?tab=features,https://angular.dev/guide/hydration#capturing-and-replaying-events,
Features,provideZonelessChangeDetection,@angular/platform-browser,Provide change detection without ZoneJS for the application bootstrapped using bootstrapApplication.,stable,18,,stable,stable,preview,experimental,experimental,not_available,not_available,not_available,not_available,https://www.angular.courses/caniuse?tab=features,https://angular.dev/guide/testing/components-scenarios#automatic-change-detection,
Features,withI18nSupport,@angular/platform-browser,Enable support for hydrating i18n blocks.,stable,18,,stable,stable,stable,preview,preview,not_available,not_available,not_available,not_available,https://www.angular.courses/caniuse?tab=features,https://angular.dev/guide/hydration#i18n,
Features,createRequestHandler,@angular/ssr,"Annotate a request handler function with metadata, marking it as a special handler.",stable,19,,stable,stable,stable,preview,not_available,not_available,not_available,not_available,not_available,https://www.angular.courses/caniuse?tab=features,,
Features,createNodeRequestHandler,@angular/ssr,Attache metadata to the handler function to mark it as a special handler for Node.js environments.,stable,19,,stable,stable,stable,preview,not_available,not_available,not_available,not_available,not_available,https://www.angular.courses/caniuse?tab=features,,
Features,isMainModule,@angular/ssr,Determine whether the provided URL represents the main entry point module.,stable,19,,stable,stable,stable,preview,not_available,not_available,not_available,not_available,not_available,https://www.angular.courses/caniuse?tab=features,,
Features,PendingTasks,@angular/ssr,Experimental service that keeps track of pending tasks contributing to the stableness of Angular application.,stable,18,,stable,stable,stable,preview,experimental,not_available,not_available,not_available,not_available,https://www.angular.courses/caniuse?tab=features,https://angular.dev/guide/experimental/zoneless#experimentalpendingtasks-for-server-side-rendering-ssr,
Features,AngularAppEngine,@angular/ssr,"Manage Angular server applications (including localized ones), handles rendering requests, and optionally transforms index HTML before rendering.",stable,19,,stable,stable,stable,preview,not_available,not_available,not_available,not_available,not_available,https://www.angular.courses/caniuse?tab=features,,
Features,AngularNodeAppEngine,@angular/ssr,"Manage Angular server applications (including localized ones), handles rendering requests, and optionally transforms index HTML before rendering.",stable,19,,stable,stable,stable,preview,not_available,not_available,not_available,not_available,not_available,https://www.angular.courses/caniuse?tab=features,,
Features,createWebRequestFromNodeRequest,@angular/ssr,,stable,19,,stable,stable,stable,preview,not_available,not_available,not_available,not_available,not_available,https://www.angular.courses/caniuse?tab=features,,
Features,writeResponseToNodeResponse,@angular/ssr,,stable,19,,stable,stable,stable,preview,not_available,not_available,not_available,not_available,not_available,https://www.angular.courses/caniuse?tab=features,,
Features,RenderMode,@angular/ssr,Different rendering modes for server routes.,stable,19,,stable,stable,stable,preview,not_available,not_available,not_available,not_available,not_available,https://www.angular.courses/caniuse?tab=features,,
Features,PrerenderFallback,@angular/ssr,Fallback strategies for Static Site Generation (SSG) routes.,preview,19,,preview,preview,preview,preview,not_available,not_available,not_available,not_available,not_available,https://www.angular.courses/caniuse?tab=features,,
Features,ServerRoute,@angular/ssr,Server route configuration.,stable,19,,stable,stable,stable,preview,not_available,not_available,not_available,not_available,not_available,https://www.angular.courses/caniuse?tab=features,,
Features,provideServerRendering,@angular/ssr,Configure the necessary providers for server routes configuration.,stable,19,,stable,stable,stable,preview,not_available,not_available,not_available,not_available,not_available,https://www.angular.courses/caniuse?tab=features,,
Features,afterEveryRender,@angular/core,Register a callback to be invoked each time the application finishes rendering,stable,16,,stable,stable,stable,preview,preview,preview,preview,not_available,not_available,https://www.angular.courses/caniuse?tab=features,https://angular.dev/guide/components/lifecycle#aftereveryrender-and-afternextrender,
Features,afterNextRender,@angular/core,Register callbacks to be invoked the next time the application finishes rendering,stable,16,,stable,stable,stable,preview,preview,preview,preview,not_available,not_available,https://www.angular.courses/caniuse?tab=features,https://angular.dev/guide/components/lifecycle#aftereveryrender-and-afternextrender,
Features,afterRenderEffect,@angular/core,Create effect(s) that run as part of Angular's `afterRender` sequence.,stable,19,,stable,stable,stable,experimental,not_available,not_available,not_available,not_available,not_available,https://www.angular.courses/caniuse?tab=features,,
Features,withViewTransitions,@angular/router,Enable view transitions in the Router,preview,17,,preview,preview,preview,preview,experimental,experimental,not_available,not_available,not_available,https://www.angular.courses/caniuse?tab=features,https://angular.dev/guide/animations/route-animations#how-the-router-uses-view-transitions,
Features,toSignal,@angular/core/rxjs-interop,Get the current value of an Observable as a reactive Signal.,stable,16,,stable,stable,stable,preview,preview,preview,preview,not_available,not_available,https://www.angular.courses/caniuse?tab=features,https://angular.dev/guide/signals/rxjs-interop#tosignal,
Features,toObservable,@angular/core/rxjs-interop,Expose the value of an Angular Signal as an RxJS Observable.,stable,16,,stable,stable,stable,preview,preview,preview,preview,not_available,not_available,https://www.angular.courses/caniuse?tab=features,https://angular.dev/guide/signals/rxjs-interop#toobservable,
Features,takeUntilDestroyed,@angular/core/rxjs-interop,"Complete the Observable when the calling context (component, directive, service, etc) is destroyed.",stable,16,,stable,stable,stable,stable,preview,preview,preview,not_available,not_available,https://www.angular.courses/caniuse?tab=features,,
Features,outputFromObservable,@angular/core/rxjs-interop,Output using an RxJS observable as a source for events dispatched to parent subscribers.,stable,16,,stable,stable,stable,stable,preview,preview,preview,not_available,not_available,https://www.angular.courses/caniuse?tab=features,https://angular.dev/guide/signals/rxjs-interop#outputfromobservable,
Features,outputToObservable,@angular/core/rxjs-interop,Convert an Angular output declared via output() or outputFromObservable() to an observable.,stable,16,,stable,stable,stable,stable,preview,preview,preview,not_available,not_available,https://www.angular.courses/caniuse?tab=features,https://angular.dev/guide/signals/rxjs-interop#outputtoobservable,
Features,auto-csp,@angular/build,Opt-in option in angular.json to enable the auto-CSP transformation,preview,19,,preview,preview,preview,experimental,not_available,not_available,not_available,not_available,not_available,https://www.angular.courses/caniuse?tab=features,,
Features,experimentalPlatform,@angular/build,Specifie the platform for which the server bundle is generated,experimental,19,,experimental,experimental,experimental,experimental,not_available,not_available,not_available,not_available,not_available,https://www.angular.courses/caniuse?tab=features,,
Features,withIncrementalHydration,@angular/platform-browser,Enable support for incremental hydration using the `hydrate` trigger syntax.,stable,19,,stable,stable,stable,preview,not_available,not_available,not_available,not_available,not_available,https://www.angular.courses/caniuse?tab=features,https://angular.dev/guide/incremental-hydration#how-do-you-enable-incremental-hydration-in-angular,
Features,pendingUntilEvent,@angular/core/rxjs-interop,"Operator which makes the application unstable until the observable emits, complets, errors, or is unsubscribed.",preview,19,,preview,preview,preview,experimental,not_available,not_available,not_available,not_available,not_available,https://www.angular.courses/caniuse?tab=features,https://angular.dev/guide/zoneless#pendingtasks-for-server-side-rendering-ssr,
Features,resource(),@angular/core,"Construct a `Resource` that projects a reactive request to an asynchronous operation defined by a loader function, which exposes the result of the loading operation via signals.",stable,19,,stable,experimental,experimental,experimental,not_available,not_available,not_available,not_available,not_available,https://www.angular.courses/caniuse?tab=features,https://angular.dev/guide/signals/resource#,
Features,rxResource(),@angular/core/rxjs-interop,"Construct a `Resource` that projects a reactive request to an asynchronous operation defined by a RxJS based loader function, which exposes the result of the loading operation via signals.",stable,19,,stable,experimental,experimental,experimental,not_available,not_available,not_available,not_available,not_available,https://www.angular.courses/caniuse?tab=features,https://angular.dev/guide/signals/resource#,
Features,httpResource(),@angular/common/http,new frontend to the HttpClient infrastructure,stable,19.2,,stable,experimental,experimental,not_available,not_available,not_available,not_available,not_available,not_available,https://www.angular.courses/caniuse?tab=features,,
Features,linkedSignal,@angular/core,Represent state (hence the signal in the name) that is reset based on the provided computation.,stable,19,,stable,stable,stable,preview,not_available,not_available,not_available,not_available,not_available,https://www.angular.courses/caniuse?tab=features,https://angular.dev/guide/signals/linked-signal#,
Features,withRequestsMadeViaParent,@angular/common/http,Configure the current `HttpClient` instance to make requests via the parent injector's `HttpClient` instead of directly.,stable,15,,stable,stable,stable,stable,preview,preview,preview,preview,not_available,https://www.angular.courses/caniuse?tab=features,,
Features,ngOptimizedImage,@angular/common,Directive that improves image loading performance by enforcing best practices.,stable,14.2,,stable,stable,stable,stable,stable,stable,stable,stable,not_available,https://www.angular.courses/caniuse?tab=features,https://angular.dev/guide/image-optimization,
Features,provideClientHydration,@angular/platform-browser,Sets up providers necessary to enable hydration functionality for the application.,stable,16,,stable,stable,stable,stable,stable,stable,preview,not_available,not_available,https://www.angular.courses/caniuse?tab=features,https://angular.dev/guide/hydration,
Features,*ngIf,@angular/common,Structural directives are directives which change the DOM layout by adding and removing DOM elements.,deprecated,13,,deprecated,deprecated,deprecated,stable,stable,stable,stable,stable,stable,https://www.angular.courses/caniuse?tab=features,https://angular.dev/guide/directives/structural-directives#,migration: ng generate @angular/core:control-flow
Features,*ngFor,@angular/common,Structural directives are directives which change the DOM layout by adding and removing DOM elements.,deprecated,13,,deprecated,deprecated,deprecated,stable,stable,stable,stable,stable,stable,https://www.angular.courses/caniuse?tab=features,https://angular.dev/guide/directives/structural-directives#,migration: ng generate @angular/core:control-flow
Features,*ngSwitch,@angular/common,Structural directives are directives which change the DOM layout by adding and removing DOM elements.,deprecated,13,,deprecated,deprecated,deprecated,stable,stable,stable,stable,stable,stable,https://www.angular.courses/caniuse?tab=features,https://angular.dev/guide/directives/structural-directives#,migration: ng generate @angular/core:control-flow
Features,HammerJS integration,@angular/platform-browser,An injectable HammerJS Manager for gesture recognition.,deprecated,13,,deprecated,deprecated,deprecated,stable,stable,stable,stable,stable,stable,https://www.angular.courses/caniuse?tab=features,https://hammerjs.github.io/,
Features,platformServerTesting,@angular/platform-server/testing,Supplies a testing module for the Angular platform server subsystem.,deprecated,13,,deprecated,deprecated,deprecated,stable,stable,stable,stable,stable,stable,https://www.angular.courses/caniuse?tab=features,,
Features,ServerTestingModule,@angular/platform-server/testing,Supplies a testing module for the Angular platform server subsystem.,deprecated,13,,deprecated,deprecated,deprecated,stable,stable,stable,stable,stable,stable,https://www.angular.courses/caniuse?tab=features,,
Features,TestBed.get,@angular/core/testing,Supplies a testing module for the Angular platform server subsystem.,removed,13,20,removed,removed,removed,deprecated,deprecated,deprecated,deprecated,deprecated,deprecated,https://www.angular.courses/caniuse?tab=features,,
Features,TestBed.flushEffects,@angular/core/testing,Execute any pending effects. use `TestBed.tick()` instead,deprecated,17,,deprecated,deprecated,deprecated,preview,preview,preview,not_available,not_available,not_available,https://www.angular.courses/caniuse?tab=features,,
Features,provideCheckNoChangesConfig,@angular/core,Used to disable exhaustive checks when verifying no expressions changed after they were checked.,preview,18,,preview,preview,preview,experimental,experimental,not_available,not_available,not_available,not_available,https://www.angular.courses/caniuse?tab=features,,
Features,Vitest,@angular/build,unit-testing and browser Vitest testing support,stable,20,,stable,stable,experimental,not_available,not_available,not_available,not_available,not_available,not_available,https://www.angular.courses/caniuse?tab=features,,
Features,withComponentInputBinding,@angular/router,Enables binding information from the Router state directly to the inputs of the component in Route configurations.,stable,16,,stable,stable,stable,stable,stable,stable,stable,not_available,not_available,https://www.angular.courses/caniuse?tab=features,https://angular.dev/guide/routing/common-router-tasks#add-withcomponentinputbinding,
Features,Unified control state change events,@angular/forms,"Unified way to listen to all form events: ValueChangeEvent, StatusChangeEvent, PristineChangeEvent and TouchedChangeEvent",stable,18,,stable,stable,stable,stable,stable,not_available,not_available,not_available,not_available,https://www.angular.courses/caniuse?tab=features,,
Features,provideBrowserGlobalErrorListeners,@angular/core,Provides an environment initializer which forwards unhandled errors to the ErrorHandler.,stable,20,,stable,stable,stable,not_available,not_available,not_available,not_available,not_available,not_available,https://www.angular.courses/caniuse?tab=features,https://angular.dev/best-practices/error-handling#client-side-rendering,
Features,inject(),@angular/core,Injects a token from the currently active injector. inject is only supported in an injection context. ,stable,14,,stable,stable,stable,stable,stable,stable,stable,stable,stable,https://www.angular.courses/caniuse?tab=features,https://angular.dev/best-practices/error-handling#client-side-rendering,migration: ng generate @angular/core:inject
Features,NG_BUILD_OPTIMIZE_CHUNKS,@angular/cli,chunk optimizer for production application builds,experimental,18,,experimental,experimental,experimental,experimental,experimental,not_available,not_available,not_available,not_available,https://www.angular.courses/caniuse?tab=features,,
Features,provideAnimationsAsync,@angular/animations,Renders animations only once the renderer is loaded,deprecated,17,,deprecated,deprecated,not_available,stable,stable,stable,not_available,not_available,not_available,https://www.angular.courses/caniuse?tab=features,https://angular.dev/api/platform-browser/animations/async/provideAnimationsAsync#,
Features,@angular/animations package,@angular/animations,Renders animations only once the renderer is loaded,deprecated,13,,deprecated,deprecated,not_available,stable,stable,stable,stable,stable,stable,https://www.angular.courses/caniuse?tab=features,https://angular.dev/guide/animations/css,
Features,Router.getCurrentNavigation,@angular/router,Returns the current navigation object,deprecated,13,,deprecated,deprecated,not_available,stable,stable,stable,stable,stable,stable,https://www.angular.courses/caniuse?tab=features,https://angular.dev/guide/animations/css,
Features,withExperimentalPlatformNavigation,@angular/router,Navigation Web API support,experimental,21.1,,experimental,not_available,not_available,not_available,not_available,not_available,not_available,not_available,not_available,https://www.angular.courses/caniuse?tab=features,,
Features,Signal forms,@angular/forms,Signal forms,stable,21,,stable,experimental,not_available,not_available,not_available,not_available,not_available,not_available,not_available,https://www.angular.courses/caniuse?tab=features,,
Features,FormArrayDirective,@angular/forms,FormArrayDirective enables wrapping a HTML form without relying on FormGroupDirective,stable,21,,stable,stable,not_available,not_available,not_available,not_available,not_available,not_available,not_available,https://www.angular.courses/caniuse?tab=features,,
Features,enableProfiling(),@angular/core,Enable profiling of the application,experimental,21,,experimental,experimental,not_available,not_available,not_available,not_available,not_available,not_available,not_available,https://www.angular.courses/caniuse?tab=features,https://angular.dev/best-practices/profiling-with-chrome-devtools,
Features,Angular Aria,@angular/aria,Angular Aria,stable,21,,stable,preview,not_available,not_available,not_available,not_available,not_available,not_available,not_available,https://www.angular.courses/caniuse?tab=features,,
Features,VERSION,@angular/upgrade,Angular version used by the project,deprecated,13,,deprecated,not_available,stable,stable,stable,stable,stable,stable,stable,https://www.angular.courses/caniuse?tab=features,,
Features,Router.isActive,@angular/router,Returns a Signal<boolean> indicating if the current route is active,deprecated,13,,deprecated,not_available,stable,stable,stable,stable,stable,stable,stable,https://www.angular.courses/caniuse?tab=features,,
Features,withExperimentalAutoCleanupInjectors,@angular/router,Enable automatic cleanup of unused route injectors,experimental,21.1,,experimental,not_available,not_available,not_available,not_available,not_available,not_available,not_available,not_available,https://www.angular.courses/caniuse?tab=features,,
Features,ResourceSnapshot,@angular/core,An explicit representation of a resource's state,stable,21.2,,stable,not_available,not_available,not_available,not_available,not_available,not_available,not_available,not_available,https://www.angular.courses/caniuse?tab=features,,
Features,resourceFromSnapshots,@angular/core,Creates a Resource driven by a source of ResourceSnapshots,stable,21.2,,stable,not_available,not_available,not_available,not_available,not_available,not_available,not_available,not_available,https://www.angular.courses/caniuse?tab=features,,
Features,withFetch,@angular/common/http,Use the Fetch API instead of XHR,deprecated,16.1,,deprecated,stable,stable,stable,stable,not_available,not_available,not_available,not_available,https://www.angular.courses/caniuse?tab=features,,
Features,ChangeDetectionStrategy.Default,@angular/core,Renamed to ChangeDetectionStrategy.Eager,deprecated,13,,deprecated,not_available,stable,stable,stable,stable,stable,stable,stable,https://www.angular.courses/caniuse?tab=features,,
Features,ChangeDetectionStrategy.Eager,@angular/core,Renamed from ChangeDetectionStrategy.Default,stable,21.2,,stable,not_available,not_available,not_available,not_available,not_available,not_available,not_available,not_available,https://www.angular.courses/caniuse?tab=features,,
Features,withXhr,@angular/common/http,Use the XMLHttpRequest API instead of the Fetch API,stable,22,,stable,not_available,not_available,not_available,not_available,not_available,not_available,not_available,not_available,https://www.angular.courses/caniuse?tab=features,,
Features,TestBed.getLastFixture,@angular/core/testing,Get the last fixture for the test,stable,22,,stable,not_available,not_available,not_available,not_available,not_available,not_available,not_available,not_available,https://www.angular.courses/caniuse?tab=features,,
Features,HTML element comments,@angular/compiler,HTML element comments,stable,22,,stable,not_available,not_available,not_available,not_available,not_available,not_available,not_available,not_available,https://www.angular.courses/caniuse?tab=features,,
Features,default OnPush strategy,@angular/core,Default OnPush strategy,stable,22,,stable,not_available,not_available,not_available,not_available,not_available,not_available,not_available,not_available,https://www.angular.courses/caniuse?tab=features,,
Features,@Service decorator,@angular/core,more ergonomic alternative to @Injectable decorator,stable,22,,stable,not_available,not_available,not_available,not_available,not_available,not_available,not_available,not_available,https://www.angular.courses/caniuse?tab=features,,
Features,provideExperimentalWebMcpTools,@angular/core,Provides a list of WebMCP tools tied to the lifecycle of the associated Injector.,experimental,22,,experimental,not_available,not_available,not_available,not_available,not_available,not_available,not_available,not_available,https://www.angular.courses/caniuse?tab=features,,
Features,injectAsync,@angular/core,Lazy load services and use the DI system to create them.,stable,22,,stable,not_available,not_available,not_available,not_available,not_available,not_available,not_available,not_available,https://www.angular.courses/caniuse?tab=features,,
Features,debounced,@angular/core,"create a debounced version of a signal, represented as a Resource",stable,22,,stable,not_available,not_available,not_available,not_available,not_available,not_available,not_available,not_available,https://www.angular.courses/caniuse?tab=features,,
Features,ChangeDetectorRef.checkNoChanges,@angular/core,Do a change detection run to make sure there were no changes.,stable,13,,stable,stable,stable,stable,stable,stable,stable,stable,stable,https://www.angular.courses/caniuse?tab=features,,
Features,ComponentFactoryResolver,@angular/core,,removed,13,22,removed,deprecated,deprecated,deprecated,deprecated,deprecated,deprecated,deprecated,deprecated,https://www.angular.courses/caniuse?tab=features,,
Features,ComponentFactory,@angular/core,,removed,13,22,removed,deprecated,deprecated,deprecated,deprecated,deprecated,deprecated,deprecated,deprecated,https://www.angular.courses/caniuse?tab=features,,
Features,Webpack Builders,@angular-devkit/build-*,,deprecated,13,,deprecated,stable,stable,stable,stable,stable,stable,stable,stable,https://www.angular.courses/caniuse?tab=features,,
Features,CommonEngine,@angular/ssr,,deprecated,13,,deprecated,stable,stable,stable,stable,stable,stable,stable,stable,https://www.angular.courses/caniuse?tab=features,,
Features,Jest builder,@angular/devkit/build-angular:jest,,removed,16,22,removed,deprecated,experimental,experimental,experimental,experimental,experimental,not_available,not_available,https://www.angular.courses/caniuse?tab=features,,
Features,Web Test Runner builder,@angular-devkit/build-angular:web-test-runner,,removed,17,22,removed,deprecated,experimental,experimental,experimental,experimental,not_available,not_available,not_available,https://www.angular.courses/caniuse?tab=features,,
Features,NoopAnimationDriver,@angular/animations/browser,,deprecated,13,13,deprecated,deprecated,not_available,stable,stable,stable,removed,removed,removed,https://www.angular.courses/caniuse?tab=features,,
Features,MockAnimationDriver,@angular/animations/browser/testing,,deprecated,13,,deprecated,deprecated,not_available,stable,stable,stable,stable,stable,stable,https://www.angular.courses/caniuse?tab=features,,
Features,MockAnimationPlayer,@angular/animations/browser/testing,,deprecated,13,,deprecated,deprecated,not_available,stable,stable,stable,stable,stable,stable,https://www.angular.courses/caniuse?tab=features,,
Features,animate,@angular/animations,,deprecated,13,,deprecated,deprecated,not_available,stable,stable,stable,stable,stable,stable,https://www.angular.courses/caniuse?tab=features,,
Features,animateChild,@angular/animations,,deprecated,13,,deprecated,deprecated,not_available,stable,stable,stable,stable,stable,stable,https://www.angular.courses/caniuse?tab=features,,
Features,AnimateChildOptions,@angular/animations,,deprecated,13,,deprecated,deprecated,not_available,stable,stable,stable,stable,stable,stable,https://www.angular.courses/caniuse?tab=features,,
Features,AnimateTimings,@angular/animations,,deprecated,13,,deprecated,deprecated,not_available,stable,stable,stable,stable,stable,stable,https://www.angular.courses/caniuse?tab=features,,
Features,animation,@angular/animations,,deprecated,13,,deprecated,deprecated,not_available,stable,stable,stable,stable,stable,stable,https://www.angular.courses/caniuse?tab=features,,
Features,AnimationAnimateChildMetadata,@angular/animations,,deprecated,13,,deprecated,deprecated,not_available,stable,stable,stable,stable,stable,stable,https://www.angular.courses/caniuse?tab=features,,
Features,AnimationAnimateMetadata,@angular/animations,,deprecated,13,,deprecated,deprecated,not_available,stable,stable,stable,stable,stable,stable,https://www.angular.courses/caniuse?tab=features,,
Features,AnimationAnimateRefMetadata,@angular/animations,,deprecated,13,,deprecated,deprecated,not_available,stable,stable,stable,stable,stable,stable,https://www.angular.courses/caniuse?tab=features,,
Features,AnimationGroupMetadata,@angular/animations,,deprecated,13,,deprecated,deprecated,not_available,stable,stable,stable,stable,stable,stable,https://www.angular.courses/caniuse?tab=features,,
Features,AnimationKeyframesSequenceMetadata,@angular/animations,,deprecated,13,,deprecated,deprecated,not_available,stable,stable,stable,stable,stable,stable,https://www.angular.courses/caniuse?tab=features,,
Features,AnimationMetadata,@angular/animations,,deprecated,13,,deprecated,deprecated,not_available,stable,stable,stable,stable,stable,stable,https://www.angular.courses/caniuse?tab=features,,
Features,AnimationOptions,@angular/animations,,deprecated,13,,deprecated,deprecated,not_available,stable,stable,stable,stable,stable,stable,https://www.angular.courses/caniuse?tab=features,,
Features,AnimationPlayer,@angular/animations,,deprecated,13,,deprecated,deprecated,not_available,stable,stable,stable,stable,stable,stable,https://www.angular.courses/caniuse?tab=features,,
Features,AnimationQueryMetadata,@angular/animations,,deprecated,13,,deprecated,deprecated,not_available,stable,stable,stable,stable,stable,stable,https://www.angular.courses/caniuse?tab=features,,
Features,AnimationQueryOptions,@angular/animations,,deprecated,13,,deprecated,deprecated,not_available,stable,stable,stable,stable,stable,stable,https://www.angular.courses/caniuse?tab=features,,
Features,AnimationReferenceMetadata,@angular/animations,,deprecated,13,,deprecated,deprecated,not_available,stable,stable,stable,stable,stable,stable,https://www.angular.courses/caniuse?tab=features,,
Features,AnimationSequenceMetadata,@angular/animations,,deprecated,13,,deprecated,deprecated,not_available,stable,stable,stable,stable,stable,stable,https://www.angular.courses/caniuse?tab=features,,
Features,AnimationStaggerMetadata,@angular/animations,,deprecated,13,,deprecated,deprecated,not_available,stable,stable,stable,stable,stable,stable,https://www.angular.courses/caniuse?tab=features,,
Features,AnimationStateMetadata,@angular/animations,,deprecated,13,,deprecated,deprecated,not_available,stable,stable,stable,stable,stable,stable,https://www.angular.courses/caniuse?tab=features,,
Features,AnimationStyleMetadata,@angular/animations,,deprecated,13,,deprecated,deprecated,not_available,stable,stable,stable,stable,stable,stable,https://www.angular.courses/caniuse?tab=features,,
Features,AnimationTransitionMetadata,@angular/animations,,deprecated,13,,deprecated,deprecated,not_available,stable,stable,stable,stable,stable,stable,https://www.angular.courses/caniuse?tab=features,,
Features,AnimationTriggerMetadata,@angular/animations,,deprecated,13,,deprecated,deprecated,not_available,stable,stable,stable,stable,stable,stable,https://www.angular.courses/caniuse?tab=features,,
Features,AUTO_STYLE,@angular/animations,,deprecated,13,,deprecated,deprecated,not_available,stable,stable,stable,stable,stable,stable,https://www.angular.courses/caniuse?tab=features,,
Features,group,@angular/animations,,deprecated,13,,deprecated,deprecated,not_available,stable,stable,stable,stable,stable,stable,https://www.angular.courses/caniuse?tab=features,,
Features,keyframes,@angular/animations,,deprecated,13,,deprecated,deprecated,not_available,stable,stable,stable,stable,stable,stable,https://www.angular.courses/caniuse?tab=features,,
Features,NoopAnimationPlayer,@angular/animations,,deprecated,13,,deprecated,deprecated,not_available,stable,stable,stable,stable,stable,stable,https://www.angular.courses/caniuse?tab=features,,
Features,query,@angular/animations,,deprecated,13,,deprecated,deprecated,not_available,stable,stable,stable,stable,stable,stable,https://www.angular.courses/caniuse?tab=features,,
Features,sequence,@angular/animations,,deprecated,13,,deprecated,deprecated,not_available,stable,stable,stable,stable,stable,stable,https://www.angular.courses/caniuse?tab=features,,
Features,stagger,@angular/animations,,deprecated,13,,deprecated,deprecated,not_available,stable,stable,stable,stable,stable,stable,https://www.angular.courses/caniuse?tab=features,,
Features,state,@angular/animations,,deprecated,13,,deprecated,deprecated,not_available,stable,stable,stable,stable,stable,stable,https://www.angular.courses/caniuse?tab=features,,
Features,style,@angular/animations,,deprecated,13,,deprecated,deprecated,not_available,stable,stable,stable,stable,stable,stable,https://www.angular.courses/caniuse?tab=features,,
Features,transition,@angular/animations,,deprecated,13,,deprecated,deprecated,not_available,stable,stable,stable,stable,stable,stable,https://www.angular.courses/caniuse?tab=features,,
Features,trigger,@angular/animations,,deprecated,13,,deprecated,deprecated,not_available,stable,stable,stable,stable,stable,stable,https://www.angular.courses/caniuse?tab=features,,
Features,useAnimation,@angular/animations,,deprecated,13,,deprecated,deprecated,not_available,stable,stable,stable,stable,stable,stable,https://www.angular.courses/caniuse?tab=features,,
Features,HttpClientJsonpModule,@angular/common/http,,deprecated,13,,deprecated,deprecated,deprecated,deprecated,deprecated,stable,stable,stable,stable,https://www.angular.courses/caniuse?tab=features,,
Features,HttpClientModule,@angular/common/http,,deprecated,13,,deprecated,deprecated,deprecated,deprecated,deprecated,stable,stable,stable,stable,https://www.angular.courses/caniuse?tab=features,,
Features,HttpClientXsrfModule,@angular/common/http,,deprecated,13,,deprecated,deprecated,deprecated,deprecated,deprecated,stable,stable,stable,stable,https://www.angular.courses/caniuse?tab=features,,
Features,HttpClientTestingModule,@angular/common/http/testing,,deprecated,13,,deprecated,deprecated,deprecated,deprecated,deprecated,stable,stable,stable,stable,https://www.angular.courses/caniuse?tab=features,,
Features,DATE_PIPE_DEFAULT_TIMEZONE,@angular/common,,deprecated,13,,deprecated,deprecated,deprecated,deprecated,deprecated,deprecated,deprecated,deprecated,stable,https://www.angular.courses/caniuse?tab=features,,
Features,getCurrencySymbol,@angular/common,,deprecated,13,,deprecated,deprecated,deprecated,deprecated,deprecated,stable,stable,stable,stable,https://www.angular.courses/caniuse?tab=features,,
Features,getLocaleCurrencyCode,@angular/common,,deprecated,13,,deprecated,deprecated,deprecated,deprecated,deprecated,stable,stable,stable,stable,https://www.angular.courses/caniuse?tab=features,,
Features,getLocaleCurrencyName,@angular/common,,deprecated,13,,deprecated,deprecated,deprecated,deprecated,deprecated,stable,stable,stable,stable,https://www.angular.courses/caniuse?tab=features,,
Features,getLocaleCurrencySymbol,@angular/common,,deprecated,13,,deprecated,deprecated,deprecated,deprecated,deprecated,stable,stable,stable,stable,https://www.angular.courses/caniuse?tab=features,,
Features,getLocaleDateFormat,@angular/common,,deprecated,13,,deprecated,deprecated,deprecated,deprecated,deprecated,stable,stable,stable,stable,https://www.angular.courses/caniuse?tab=features,,
Features,getLocaleDateTimeFormat,@angular/common,,deprecated,13,,deprecated,deprecated,deprecated,deprecated,deprecated,stable,stable,stable,stable,https://www.angular.courses/caniuse?tab=features,,
Features,getLocaleDayNames,@angular/common,,deprecated,13,,deprecated,deprecated,deprecated,deprecated,deprecated,stable,stable,stable,stable,https://www.angular.courses/caniuse?tab=features,,
Features,getLocaleDayPeriods,@angular/common,,deprecated,13,,deprecated,deprecated,deprecated,deprecated,deprecated,stable,stable,stable,stable,https://www.angular.courses/caniuse?tab=features,,
Features,getLocaleDirection,@angular/common,,deprecated,13,,deprecated,deprecated,deprecated,deprecated,deprecated,stable,stable,stable,stable,https://www.angular.courses/caniuse?tab=features,,
Features,getLocaleEraNames,@angular/common,,deprecated,13,,deprecated,deprecated,deprecated,deprecated,deprecated,stable,stable,stable,stable,https://www.angular.courses/caniuse?tab=features,,
Features,getLocaleExtraDayPeriodRules,@angular/common,,deprecated,13,,deprecated,deprecated,deprecated,deprecated,deprecated,stable,stable,stable,stable,https://www.angular.courses/caniuse?tab=features,,
Features,getLocaleExtraDayPeriods,@angular/common,,deprecated,13,,deprecated,deprecated,deprecated,deprecated,deprecated,stable,stable,stable,stable,https://www.angular.courses/caniuse?tab=features,,
Features,getLocaleFirstDayOfWeek,@angular/common,,deprecated,13,,deprecated,deprecated,deprecated,deprecated,deprecated,stable,stable,stable,stable,https://www.angular.courses/caniuse?tab=features,,
Features,getLocaleId,@angular/common,,deprecated,13,,deprecated,deprecated,deprecated,deprecated,deprecated,stable,stable,stable,stable,https://www.angular.courses/caniuse?tab=features,,
Features,getLocaleMonthNames,@angular/common,,deprecated,13,,deprecated,deprecated,deprecated,deprecated,deprecated,stable,stable,stable,stable,https://www.angular.courses/caniuse?tab=features,,
Features,getLocaleNumberFormat,@angular/common,,deprecated,13,,deprecated,deprecated,deprecated,deprecated,deprecated,stable,stable,stable,stable,https://www.angular.courses/caniuse?tab=features,,
Features,getLocaleNumberSymbol,@angular/common,,deprecated,13,,deprecated,deprecated,deprecated,deprecated,deprecated,stable,stable,stable,stable,https://www.angular.courses/caniuse?tab=features,,
Features,getLocalePluralCase,@angular/common,,deprecated,13,,deprecated,deprecated,deprecated,deprecated,deprecated,stable,stable,stable,stable,https://www.angular.courses/caniuse?tab=features,,
Features,getLocaleTimeFormat,@angular/common,,deprecated,13,,deprecated,deprecated,deprecated,deprecated,deprecated,stable,stable,stable,stable,https://www.angular.courses/caniuse?tab=features,,
Features,getLocaleWeekEndRange,@angular/common,,deprecated,13,,deprecated,deprecated,deprecated,deprecated,deprecated,stable,stable,stable,stable,https://www.angular.courses/caniuse?tab=features,,
Features,getNumberOfCurrencyDigits,@angular/common,,deprecated,13,,deprecated,deprecated,deprecated,deprecated,deprecated,stable,stable,stable,stable,https://www.angular.courses/caniuse?tab=features,,
Features,Time,@angular/common,,deprecated,13,,deprecated,deprecated,deprecated,deprecated,deprecated,stable,stable,stable,stable,https://www.angular.courses/caniuse?tab=features,,
Features,APP_INITIALIZER,@angular/core,,deprecated,13,,deprecated,deprecated,deprecated,deprecated,stable,stable,stable,stable,stable,https://www.angular.courses/caniuse?tab=features,,
Features,BootstrapOptions,@angular/core,,deprecated,13,13,deprecated,deprecated,not_available,stable,stable,stable,stable,stable,stable,https://www.angular.courses/caniuse?tab=features,,
Features,Compiler,@angular/core,,deprecated,13,,deprecated,deprecated,deprecated,deprecated,deprecated,deprecated,deprecated,deprecated,deprecated,https://www.angular.courses/caniuse?tab=features,,
Features,DefaultIterableDiffer,@angular/core,,deprecated,13,,deprecated,deprecated,deprecated,deprecated,deprecated,deprecated,deprecated,deprecated,deprecated,https://www.angular.courses/caniuse?tab=features,,
Features,ENVIRONMENT_INITIALIZER,@angular/core,,deprecated,13,13,deprecated,deprecated,deprecated,deprecated,stable,stable,stable,stable,stable,https://www.angular.courses/caniuse?tab=features,,
Features,getModuleFactory,@angular/core,,deprecated,13,,deprecated,deprecated,deprecated,deprecated,deprecated,deprecated,deprecated,deprecated,deprecated,https://www.angular.courses/caniuse?tab=features,,
Features,PLATFORM_INITIALIZER,@angular/core,,deprecated,13,,deprecated,deprecated,deprecated,deprecated,stable,stable,stable,stable,stable,https://www.angular.courses/caniuse?tab=features,,
Features,JitCompilerFactory,@angular/platform-browser-dynamic,,deprecated,13,,deprecated,deprecated,deprecated,deprecated,deprecated,deprecated,deprecated,deprecated,deprecated,https://www.angular.courses/caniuse?tab=features,,
Features,platformBrowserDynamic,@angular/platform-browser-dynamic,,deprecated,13,,deprecated,deprecated,deprecated,stable,stable,stable,stable,stable,stable,https://www.angular.courses/caniuse?tab=features,,
Features,BrowserDynamicTestingModule,@angular/platform-browser-dynamic/testing,,deprecated,13,,deprecated,deprecated,deprecated,stable,stable,stable,stable,stable,stable,https://www.angular.courses/caniuse?tab=features,,
Features,platformBrowserDynamicTesting,@angular/platform-browser-dynamic/testing,,deprecated,13,,deprecated,deprecated,deprecated,stable,stable,stable,stable,stable,stable,https://www.angular.courses/caniuse?tab=features,,
Features,BrowserAnimationsModule,@angular/platform-browser/animations,,deprecated,13,,deprecated,deprecated,not_available,stable,stable,stable,stable,stable,stable,https://www.angular.courses/caniuse?tab=features,,
Features,BrowserAnimationsModuleConfig,@angular/platform-browser/animations,,deprecated,13,,deprecated,deprecated,not_available,stable,stable,stable,stable,stable,stable,https://www.angular.courses/caniuse?tab=features,,
Features,NoopAnimationsModule,@angular/platform-browser/animations,,deprecated,13,,deprecated,deprecated,not_available,stable,stable,stable,stable,stable,stable,https://www.angular.courses/caniuse?tab=features,,
Features,provideAnimations,@angular/platform-browser/animations,,deprecated,13,13,deprecated,deprecated,not_available,stable,stable,stable,stable,stable,stable,https://www.angular.courses/caniuse?tab=features,,
Features,provideNoopAnimations,@angular/platform-browser/animations,,deprecated,13,13,deprecated,deprecated,not_available,stable,stable,stable,stable,stable,stable,https://www.angular.courses/caniuse?tab=features,,
Features,CanActivate,@angular/router,,stable,13,,stable,stable,stable,stable,stable,deprecated,deprecated,not_available,stable,https://www.angular.courses/caniuse?tab=features,,
Features,CanActivateChild,@angular/router,,stable,13,,stable,stable,stable,stable,stable,deprecated,deprecated,not_available,stable,https://www.angular.courses/caniuse?tab=features,,
Features,CanDeactivate,@angular/router,,stable,13,,stable,stable,stable,stable,stable,deprecated,deprecated,not_available,stable,https://www.angular.courses/caniuse?tab=features,,
Features,CanLoad,@angular/router,,deprecated,13,,deprecated,deprecated,deprecated,deprecated,deprecated,deprecated,deprecated,not_available,stable,https://www.angular.courses/caniuse?tab=features,,
Features,CanLoadFn,@angular/router,,deprecated,13,13,deprecated,deprecated,deprecated,deprecated,deprecated,deprecated,deprecated,not_available,stable,https://www.angular.courses/caniuse?tab=features,,
Features,CanMatch,@angular/router,,stable,13,13,stable,stable,stable,stable,stable,deprecated,deprecated,not_available,stable,https://www.angular.courses/caniuse?tab=features,,
Features,DeprecatedGuard,@angular/router,,deprecated,13,13,deprecated,deprecated,deprecated,deprecated,deprecated,deprecated,deprecated,not_available,removed,https://www.angular.courses/caniuse?tab=features,,
Features,DeprecatedResolve,@angular/router,,deprecated,13,13,deprecated,deprecated,deprecated,removed,removed,removed,removed,removed,removed,https://www.angular.courses/caniuse?tab=features,,
Features,Resolve,@angular/router,,stable,13,,stable,stable,stable,stable,stable,deprecated,deprecated,not_available,stable,https://www.angular.courses/caniuse?tab=features,,
Features,RouterTestingModule,@angular/router/testing,,deprecated,13,,deprecated,deprecated,deprecated,deprecated,deprecated,not_available,stable,stable,stable,https://www.angular.courses/caniuse?tab=features,,
Features,downgradeModule,@angular/upgrade/static,,deprecated,13.4,,deprecated,not_available,not_available,not_available,not_available,not_available,not_available,not_available,not_available,https://www.angular.courses/caniuse?tab=features,,
Features,createNgModuleRef,@angular/core,,removed,13,22,removed,deprecated,deprecated,deprecated,deprecated,deprecated,deprecated,deprecated,not_available,https://www.angular.courses/caniuse?tab=features,,
Features,ModuleWithComponentFactories,@angular/core,,removed,13,22,removed,deprecated,deprecated,deprecated,deprecated,deprecated,deprecated,deprecated,deprecated,https://www.angular.courses/caniuse?tab=features,,
Features,HAMMER_GESTURE_CONFIG,@angular/platform-browser,,removed,13,22,removed,deprecated,deprecated,stable,stable,stable,stable,stable,stable,https://www.angular.courses/caniuse?tab=features,,
Features,HAMMER_LOADER,@angular/platform-browser,,removed,13,22,removed,deprecated,deprecated,stable,stable,stable,stable,stable,stable,https://www.angular.courses/caniuse?tab=features,,
Features,HammerGestureConfig,@angular/platform-browser,,removed,13,22,removed,deprecated,deprecated,stable,stable,stable,stable,stable,stable,https://www.angular.courses/caniuse?tab=features,,
Features,HammerLoader,@angular/platform-browser,,removed,13,22,removed,deprecated,deprecated,stable,stable,stable,stable,stable,stable,https://www.angular.courses/caniuse?tab=features,,
Features,HammerModule,@angular/platform-browser,,removed,13,22,removed,deprecated,deprecated,stable,stable,stable,stable,stable,stable,https://www.angular.courses/caniuse?tab=features,,
Features,provideRoutes,@angular/router,,removed,13,22,removed,deprecated,deprecated,deprecated,deprecated,deprecated,deprecated,deprecated,stable,https://www.angular.courses/caniuse?tab=features,,
Features,getAngularLib,@angular/upgrade/static,,removed,13,22,removed,deprecated,deprecated,deprecated,deprecated,deprecated,deprecated,deprecated,deprecated,https://www.angular.courses/caniuse?tab=features,,
Features,setAngularLib,@angular/upgrade/static,,removed,13,22,removed,deprecated,deprecated,deprecated,deprecated,deprecated,deprecated,deprecated,deprecated,https://www.angular.courses/caniuse?tab=features,,
Features,ImportedNgModuleProviders,@angular/core,,removed,14,21,removed,removed,deprecated,deprecated,deprecated,deprecated,deprecated,deprecated,stable,https://www.angular.courses/caniuse?tab=features,,
Features,NgProbeToken,@angular/core,,removed,13,21,removed,removed,deprecated,deprecated,deprecated,deprecated,stable,stable,stable,https://www.angular.courses/caniuse?tab=features,,
Features,PACKAGE_ROOT_URL,@angular/core,,removed,13,21,removed,removed,deprecated,deprecated,deprecated,deprecated,not_available,stable,stable,https://www.angular.courses/caniuse?tab=features,,
Features,ApplicationConfig,@angular/platform-browser,,removed,13,13,removed,removed,not_available,not_available,not_available,not_available,not_available,stable,stable,https://www.angular.courses/caniuse?tab=features,,
Features,UpgradeAdapter,@angular/upgrade,,removed,13,21,removed,removed,deprecated,deprecated,deprecated,deprecated,deprecated,deprecated,deprecated,https://www.angular.courses/caniuse?tab=features,,
Features,UpgradeAdapterRef,@angular/upgrade,,removed,13,21,removed,removed,deprecated,deprecated,deprecated,deprecated,deprecated,deprecated,deprecated,https://www.angular.courses/caniuse?tab=features,,
Features,isPlatformWorkerApp,@angular/common,,removed,13,18,removed,removed,removed,removed,removed,deprecated,deprecated,stable,stable,https://www.angular.courses/caniuse?tab=features,,
Features,isPlatformWorkerUi,@angular/common,,removed,13,18,removed,removed,removed,removed,removed,deprecated,deprecated,stable,stable,https://www.angular.courses/caniuse?tab=features,,
Features,async,@angular/core/testing,,removed,13,18,removed,removed,removed,removed,removed,deprecated,deprecated,deprecated,deprecated,https://www.angular.courses/caniuse?tab=features,,
Features,RESOURCE_CACHE_PROVIDER,@angular/platform-browser-dynamic,,removed,13.2,18,removed,removed,removed,removed,removed,deprecated,deprecated,deprecated,deprecated,https://www.angular.courses/caniuse?tab=features,,
Features,makeStateKey,@angular/platform-browser,,removed,13,18,removed,removed,removed,removed,removed,not_available,not_available,stable,stable,https://www.angular.courses/caniuse?tab=features,,
Features,StateKey,@angular/platform-browser,,removed,13,18,removed,removed,removed,removed,removed,not_available,not_available,stable,stable,https://www.angular.courses/caniuse?tab=features,,
Features,platformDynamicServer,@angular/platform-server,,removed,13,18,removed,removed,removed,removed,removed,deprecated,deprecated,stable,stable,https://www.angular.courses/caniuse?tab=features,,
Features,ServerTransferStateModule,@angular/platform-server,,removed,13,18,removed,removed,removed,removed,removed,deprecated,deprecated,deprecated,not_available,https://www.angular.courses/caniuse?tab=features,,
Features,setupTestingRouter,@angular/router/testing,,removed,13,17,removed,removed,removed,removed,removed,removed,deprecated,not_available,stable,https://www.angular.courses/caniuse?tab=features,,
Features,UpdateActivatedEvent,@angular/service-worker,,removed,13,17,removed,removed,removed,removed,removed,removed,deprecated,deprecated,deprecated,https://www.angular.courses/caniuse?tab=features,,
Features,UpdateAvailableEvent,@angular/service-worker,,removed,13,17,removed,removed,removed,removed,removed,removed,deprecated,deprecated,deprecated,https://www.angular.courses/caniuse?tab=features,,
Features,XhrFactory,@angular/common/http,,removed,13,16,removed,removed,removed,removed,removed,removed,removed,deprecated,deprecated,https://www.angular.courses/caniuse?tab=features,,
Features,ANALYZE_FOR_ENTRY_COMPONENTS,@angular/core,,removed,13,16,removed,removed,removed,removed,removed,removed,removed,deprecated,deprecated,https://www.angular.courses/caniuse?tab=features,,
Features,ReflectiveKey,@angular/core,,removed,13,16,removed,removed,removed,removed,removed,removed,removed,deprecated,deprecated,https://www.angular.courses/caniuse?tab=features,,
Features,BrowserTransferStateModule,@angular/platform-browser,,removed,13,16,removed,removed,removed,removed,removed,removed,removed,deprecated,not_available,https://www.angular.courses/caniuse?tab=features,,
Features,renderModuleFactory,@angular/platform-server,,removed,13,16,removed,removed,removed,removed,removed,removed,removed,deprecated,deprecated,https://www.angular.courses/caniuse?tab=features,,
Features,NgOptimizedImageModule,@angular/common,,removed,13.4,14,removed,removed,removed,removed,removed,removed,removed,removed,removed,https://www.angular.courses/caniuse?tab=features,,
Diff,Standalone API,@angular/core,"Directly import other components, directives, and pipes used in their templates and enable some features such as defer, hostDirectives and loadComponent.",stable,14,,stable,stable,stable,stable,stable,stable,stable,stable,experimental,https://www.angular.courses/caniuse?tab=diff,https://angular.dev/guide/components/importing#standalone-components,migration: ng generate @angular/core:standalone Derived from the Angular Courses diff/feature compatibility source.
Diff,@defer,@angular/core,"Defer the loading of select dependencies such as components, directives, and pipes, and any associated CSS within a template",stable,17,,stable,stable,stable,stable,stable,preview,not_available,not_available,not_available,https://www.angular.courses/caniuse?tab=diff,https://angular.dev/guide/defer#,Derived from the Angular Courses diff/feature compatibility source.
Diff,@for,@angular/core,Angular templates support control flow blocks that let you conditionally repeat elements.,stable,17,,stable,stable,stable,stable,stable,preview,not_available,not_available,not_available,https://www.angular.courses/caniuse?tab=diff,https://angular.dev/guide/templates/control-flow#repeat-content-with-the-for-block,migration: ng generate @angular/core:control-flow Derived from the Angular Courses diff/feature compatibility source.
Diff,@switch,@angular/core,Angular templates support control flow blocks that let you conditionally show elements.,stable,17,,stable,stable,stable,stable,stable,preview,not_available,not_available,not_available,https://www.angular.courses/caniuse?tab=diff,https://angular.dev/guide/templates/control-flow#conditionally-display-content-with-the-switch-block,migration: ng generate @angular/core:control-flow Derived from the Angular Courses diff/feature compatibility source.
Diff,@if,@angular/core,Angular templates support control flow blocks that let you conditionally show and hide elements.,stable,17,,stable,stable,stable,stable,stable,preview,not_available,not_available,not_available,https://www.angular.courses/caniuse?tab=diff,https://angular.dev/guide/templates/control-flow#conditionally-display-content-with-if-else-if-and-else,migration: ng generate @angular/core:control-flow Derived from the Angular Courses diff/feature compatibility source.
Diff,Functional guards/resolvers,@angular/router,Create guards and resolvers using functions.,stable,14.2,,stable,stable,stable,stable,stable,stable,stable,stable,not_available,https://www.angular.courses/caniuse?tab=diff,,Derived from the Angular Courses diff/feature compatibility source.
Diff,Functional interceptors,@angular/router,Create interceptors using functions.,stable,15,,stable,stable,stable,stable,stable,stable,stable,stable,not_available,https://www.angular.courses/caniuse?tab=diff,https://v18.angular.dev/guide/http/interceptors#,Derived from the Angular Courses diff/feature compatibility source.
Diff,@let,@angular/core,Define a local variable and re-use it across the template.,stable,18.1,,stable,stable,stable,stable,not_available,not_available,not_available,not_available,not_available,https://www.angular.courses/caniuse?tab=diff,https://angular.dev/guide/templates/variables#local-template-variables-with-let,Derived from the Angular Courses diff/feature compatibility source.
Diff,Signal (core),@angular/core,"System that granularly tracks how and where your state is used throughout an application, allowing the framework to optimize rendering updates.",stable,16,,stable,stable,stable,stable,stable,stable,preview,not_available,not_available,https://www.angular.courses/caniuse?tab=diff,https://angular.dev/guide/signals#,Derived from the Angular Courses diff/feature compatibility source.
Diff,Signal inputs,@angular/core,Allow values to be bound from parent components.,stable,17.1,,stable,stable,stable,stable,preview,not_available,not_available,not_available,not_available,https://www.angular.courses/caniuse?tab=diff,https://angular.dev/guide/signals/inputs#,migration: ng generate @angular/core:signal-input-migration Derived from the Angular Courses diff/feature compatibility source.
Diff,output(),@angular/core,Enable emitting values to parent directives and components.,stable,17.3,,stable,stable,stable,stable,preview,not_available,not_available,not_available,not_available,https://www.angular.courses/caniuse?tab=diff,https://angular.dev/guide/components/outputs#,migration: ng generate @angular/core:output-migration Derived from the Angular Courses diff/feature compatibility source.
Diff,Signal queries,@angular/core,"Signals to retrieve references to child components, directives, DOM elements, and more.",stable,17.2,,stable,stable,stable,stable,preview,not_available,not_available,not_available,not_available,https://www.angular.courses/caniuse?tab=diff,https://angular.dev/guide/signals/queries#,migration: ng generate @angular/core:signal-queries-migration Derived from the Angular Courses diff/feature compatibility source.
Diff,Signal model,@angular/core,Special type of input that enable a component to propagate new values back to another component.,stable,17.2,,stable,stable,stable,stable,preview,not_available,not_available,not_available,not_available,https://www.angular.courses/caniuse?tab=diff,https://angular.dev/guide/signals/model,Derived from the Angular Courses diff/feature compatibility source.
Diff,Signal effect,@angular/core,Operation that runs whenever one or more signal values change.,stable,16,,stable,stable,stable,preview,preview,preview,preview,not_available,not_available,https://www.angular.courses/caniuse?tab=diff,https://angular.dev/guide/signals#effects,Derived from the Angular Courses diff/feature compatibility source.
Diff,Signal inputs converter,@angular/language-service,Language service refactoring action that can convert `@Input()` declarations to signal inputs.,stable,19,,stable,stable,stable,stable,not_available,not_available,not_available,not_available,not_available,https://www.angular.courses/caniuse?tab=diff,,Derived from the Angular Courses diff/feature compatibility source.
Diff,withEventReplay,@angular/platform-browser,Support for replaying user events (e.g. clicks) that happened on a page before hydration logic has completed.,stable,18,,stable,stable,stable,stable,preview,not_available,not_available,not_available,not_available,https://www.angular.courses/caniuse?tab=diff,https://angular.dev/guide/hydration#capturing-and-replaying-events,Derived from the Angular Courses diff/feature compatibility source.
Diff,provideZonelessChangeDetection,@angular/platform-browser,Provide change detection without ZoneJS for the application bootstrapped using bootstrapApplication.,stable,18,,stable,stable,preview,experimental,experimental,not_available,not_available,not_available,not_available,https://www.angular.courses/caniuse?tab=diff,https://angular.dev/guide/testing/components-scenarios#automatic-change-detection,Derived from the Angular Courses diff/feature compatibility source.
Diff,withI18nSupport,@angular/platform-browser,Enable support for hydrating i18n blocks.,stable,18,,stable,stable,stable,preview,preview,not_available,not_available,not_available,not_available,https://www.angular.courses/caniuse?tab=diff,https://angular.dev/guide/hydration#i18n,Derived from the Angular Courses diff/feature compatibility source.
Diff,createRequestHandler,@angular/ssr,"Annotate a request handler function with metadata, marking it as a special handler.",stable,19,,stable,stable,stable,preview,not_available,not_available,not_available,not_available,not_available,https://www.angular.courses/caniuse?tab=diff,,Derived from the Angular Courses diff/feature compatibility source.
Diff,createNodeRequestHandler,@angular/ssr,Attache metadata to the handler function to mark it as a special handler for Node.js environments.,stable,19,,stable,stable,stable,preview,not_available,not_available,not_available,not_available,not_available,https://www.angular.courses/caniuse?tab=diff,,Derived from the Angular Courses diff/feature compatibility source.
Diff,isMainModule,@angular/ssr,Determine whether the provided URL represents the main entry point module.,stable,19,,stable,stable,stable,preview,not_available,not_available,not_available,not_available,not_available,https://www.angular.courses/caniuse?tab=diff,,Derived from the Angular Courses diff/feature compatibility source.
Diff,PendingTasks,@angular/ssr,Experimental service that keeps track of pending tasks contributing to the stableness of Angular application.,stable,18,,stable,stable,stable,preview,experimental,not_available,not_available,not_available,not_available,https://www.angular.courses/caniuse?tab=diff,https://angular.dev/guide/experimental/zoneless#experimentalpendingtasks-for-server-side-rendering-ssr,Derived from the Angular Courses diff/feature compatibility source.
Diff,AngularAppEngine,@angular/ssr,"Manage Angular server applications (including localized ones), handles rendering requests, and optionally transforms index HTML before rendering.",stable,19,,stable,stable,stable,preview,not_available,not_available,not_available,not_available,not_available,https://www.angular.courses/caniuse?tab=diff,,Derived from the Angular Courses diff/feature compatibility source.
Diff,AngularNodeAppEngine,@angular/ssr,"Manage Angular server applications (including localized ones), handles rendering requests, and optionally transforms index HTML before rendering.",stable,19,,stable,stable,stable,preview,not_available,not_available,not_available,not_available,not_available,https://www.angular.courses/caniuse?tab=diff,,Derived from the Angular Courses diff/feature compatibility source.
Diff,createWebRequestFromNodeRequest,@angular/ssr,,stable,19,,stable,stable,stable,preview,not_available,not_available,not_available,not_available,not_available,https://www.angular.courses/caniuse?tab=diff,,Derived from the Angular Courses diff/feature compatibility source.
Diff,writeResponseToNodeResponse,@angular/ssr,,stable,19,,stable,stable,stable,preview,not_available,not_available,not_available,not_available,not_available,https://www.angular.courses/caniuse?tab=diff,,Derived from the Angular Courses diff/feature compatibility source.
Diff,RenderMode,@angular/ssr,Different rendering modes for server routes.,stable,19,,stable,stable,stable,preview,not_available,not_available,not_available,not_available,not_available,https://www.angular.courses/caniuse?tab=diff,,Derived from the Angular Courses diff/feature compatibility source.
Diff,PrerenderFallback,@angular/ssr,Fallback strategies for Static Site Generation (SSG) routes.,preview,19,,preview,preview,preview,preview,not_available,not_available,not_available,not_available,not_available,https://www.angular.courses/caniuse?tab=diff,,Derived from the Angular Courses diff/feature compatibility source.
Diff,ServerRoute,@angular/ssr,Server route configuration.,stable,19,,stable,stable,stable,preview,not_available,not_available,not_available,not_available,not_available,https://www.angular.courses/caniuse?tab=diff,,Derived from the Angular Courses diff/feature compatibility source.
Diff,provideServerRendering,@angular/ssr,Configure the necessary providers for server routes configuration.,stable,19,,stable,stable,stable,preview,not_available,not_available,not_available,not_available,not_available,https://www.angular.courses/caniuse?tab=diff,,Derived from the Angular Courses diff/feature compatibility source.
Diff,afterEveryRender,@angular/core,Register a callback to be invoked each time the application finishes rendering,stable,16,,stable,stable,stable,preview,preview,preview,preview,not_available,not_available,https://www.angular.courses/caniuse?tab=diff,https://angular.dev/guide/components/lifecycle#aftereveryrender-and-afternextrender,Derived from the Angular Courses diff/feature compatibility source.
Diff,afterNextRender,@angular/core,Register callbacks to be invoked the next time the application finishes rendering,stable,16,,stable,stable,stable,preview,preview,preview,preview,not_available,not_available,https://www.angular.courses/caniuse?tab=diff,https://angular.dev/guide/components/lifecycle#aftereveryrender-and-afternextrender,Derived from the Angular Courses diff/feature compatibility source.
Diff,afterRenderEffect,@angular/core,Create effect(s) that run as part of Angular's `afterRender` sequence.,stable,19,,stable,stable,stable,experimental,not_available,not_available,not_available,not_available,not_available,https://www.angular.courses/caniuse?tab=diff,,Derived from the Angular Courses diff/feature compatibility source.
Diff,withViewTransitions,@angular/router,Enable view transitions in the Router,preview,17,,preview,preview,preview,preview,experimental,experimental,not_available,not_available,not_available,https://www.angular.courses/caniuse?tab=diff,https://angular.dev/guide/animations/route-animations#how-the-router-uses-view-transitions,Derived from the Angular Courses diff/feature compatibility source.
Diff,toSignal,@angular/core/rxjs-interop,Get the current value of an Observable as a reactive Signal.,stable,16,,stable,stable,stable,preview,preview,preview,preview,not_available,not_available,https://www.angular.courses/caniuse?tab=diff,https://angular.dev/guide/signals/rxjs-interop#tosignal,Derived from the Angular Courses diff/feature compatibility source.
Diff,toObservable,@angular/core/rxjs-interop,Expose the value of an Angular Signal as an RxJS Observable.,stable,16,,stable,stable,stable,preview,preview,preview,preview,not_available,not_available,https://www.angular.courses/caniuse?tab=diff,https://angular.dev/guide/signals/rxjs-interop#toobservable,Derived from the Angular Courses diff/feature compatibility source.
Diff,takeUntilDestroyed,@angular/core/rxjs-interop,"Complete the Observable when the calling context (component, directive, service, etc) is destroyed.",stable,16,,stable,stable,stable,stable,preview,preview,preview,not_available,not_available,https://www.angular.courses/caniuse?tab=diff,,Derived from the Angular Courses diff/feature compatibility source.
Diff,outputFromObservable,@angular/core/rxjs-interop,Output using an RxJS observable as a source for events dispatched to parent subscribers.,stable,16,,stable,stable,stable,stable,preview,preview,preview,not_available,not_available,https://www.angular.courses/caniuse?tab=diff,https://angular.dev/guide/signals/rxjs-interop#outputfromobservable,Derived from the Angular Courses diff/feature compatibility source.
Diff,outputToObservable,@angular/core/rxjs-interop,Convert an Angular output declared via output() or outputFromObservable() to an observable.,stable,16,,stable,stable,stable,stable,preview,preview,preview,not_available,not_available,https://www.angular.courses/caniuse?tab=diff,https://angular.dev/guide/signals/rxjs-interop#outputtoobservable,Derived from the Angular Courses diff/feature compatibility source.
Diff,auto-csp,@angular/build,Opt-in option in angular.json to enable the auto-CSP transformation,preview,19,,preview,preview,preview,experimental,not_available,not_available,not_available,not_available,not_available,https://www.angular.courses/caniuse?tab=diff,,Derived from the Angular Courses diff/feature compatibility source.
Diff,experimentalPlatform,@angular/build,Specifie the platform for which the server bundle is generated,experimental,19,,experimental,experimental,experimental,experimental,not_available,not_available,not_available,not_available,not_available,https://www.angular.courses/caniuse?tab=diff,,Derived from the Angular Courses diff/feature compatibility source.
Diff,withIncrementalHydration,@angular/platform-browser,Enable support for incremental hydration using the `hydrate` trigger syntax.,stable,19,,stable,stable,stable,preview,not_available,not_available,not_available,not_available,not_available,https://www.angular.courses/caniuse?tab=diff,https://angular.dev/guide/incremental-hydration#how-do-you-enable-incremental-hydration-in-angular,Derived from the Angular Courses diff/feature compatibility source.
Diff,pendingUntilEvent,@angular/core/rxjs-interop,"Operator which makes the application unstable until the observable emits, complets, errors, or is unsubscribed.",preview,19,,preview,preview,preview,experimental,not_available,not_available,not_available,not_available,not_available,https://www.angular.courses/caniuse?tab=diff,https://angular.dev/guide/zoneless#pendingtasks-for-server-side-rendering-ssr,Derived from the Angular Courses diff/feature compatibility source.
Diff,resource(),@angular/core,"Construct a `Resource` that projects a reactive request to an asynchronous operation defined by a loader function, which exposes the result of the loading operation via signals.",stable,19,,stable,experimental,experimental,experimental,not_available,not_available,not_available,not_available,not_available,https://www.angular.courses/caniuse?tab=diff,https://angular.dev/guide/signals/resource#,Derived from the Angular Courses diff/feature compatibility source.
Diff,rxResource(),@angular/core/rxjs-interop,"Construct a `Resource` that projects a reactive request to an asynchronous operation defined by a RxJS based loader function, which exposes the result of the loading operation via signals.",stable,19,,stable,experimental,experimental,experimental,not_available,not_available,not_available,not_available,not_available,https://www.angular.courses/caniuse?tab=diff,https://angular.dev/guide/signals/resource#,Derived from the Angular Courses diff/feature compatibility source.
Diff,httpResource(),@angular/common/http,new frontend to the HttpClient infrastructure,stable,19.2,,stable,experimental,experimental,not_available,not_available,not_available,not_available,not_available,not_available,https://www.angular.courses/caniuse?tab=diff,,Derived from the Angular Courses diff/feature compatibility source.
Diff,linkedSignal,@angular/core,Represent state (hence the signal in the name) that is reset based on the provided computation.,stable,19,,stable,stable,stable,preview,not_available,not_available,not_available,not_available,not_available,https://www.angular.courses/caniuse?tab=diff,https://angular.dev/guide/signals/linked-signal#,Derived from the Angular Courses diff/feature compatibility source.
Diff,withRequestsMadeViaParent,@angular/common/http,Configure the current `HttpClient` instance to make requests via the parent injector's `HttpClient` instead of directly.,stable,15,,stable,stable,stable,stable,preview,preview,preview,preview,not_available,https://www.angular.courses/caniuse?tab=diff,,Derived from the Angular Courses diff/feature compatibility source.
Diff,ngOptimizedImage,@angular/common,Directive that improves image loading performance by enforcing best practices.,stable,14.2,,stable,stable,stable,stable,stable,stable,stable,stable,not_available,https://www.angular.courses/caniuse?tab=diff,https://angular.dev/guide/image-optimization,Derived from the Angular Courses diff/feature compatibility source.
Diff,provideClientHydration,@angular/platform-browser,Sets up providers necessary to enable hydration functionality for the application.,stable,16,,stable,stable,stable,stable,stable,stable,preview,not_available,not_available,https://www.angular.courses/caniuse?tab=diff,https://angular.dev/guide/hydration,Derived from the Angular Courses diff/feature compatibility source.
Diff,*ngIf,@angular/common,Structural directives are directives which change the DOM layout by adding and removing DOM elements.,deprecated,13,,deprecated,deprecated,deprecated,stable,stable,stable,stable,stable,stable,https://www.angular.courses/caniuse?tab=diff,https://angular.dev/guide/directives/structural-directives#,migration: ng generate @angular/core:control-flow Derived from the Angular Courses diff/feature compatibility source.
Diff,*ngFor,@angular/common,Structural directives are directives which change the DOM layout by adding and removing DOM elements.,deprecated,13,,deprecated,deprecated,deprecated,stable,stable,stable,stable,stable,stable,https://www.angular.courses/caniuse?tab=diff,https://angular.dev/guide/directives/structural-directives#,migration: ng generate @angular/core:control-flow Derived from the Angular Courses diff/feature compatibility source.
Diff,*ngSwitch,@angular/common,Structural directives are directives which change the DOM layout by adding and removing DOM elements.,deprecated,13,,deprecated,deprecated,deprecated,stable,stable,stable,stable,stable,stable,https://www.angular.courses/caniuse?tab=diff,https://angular.dev/guide/directives/structural-directives#,migration: ng generate @angular/core:control-flow Derived from the Angular Courses diff/feature compatibility source.
Diff,HammerJS integration,@angular/platform-browser,An injectable HammerJS Manager for gesture recognition.,deprecated,13,,deprecated,deprecated,deprecated,stable,stable,stable,stable,stable,stable,https://www.angular.courses/caniuse?tab=diff,https://hammerjs.github.io/,Derived from the Angular Courses diff/feature compatibility source.
Diff,platformServerTesting,@angular/platform-server/testing,Supplies a testing module for the Angular platform server subsystem.,deprecated,13,,deprecated,deprecated,deprecated,stable,stable,stable,stable,stable,stable,https://www.angular.courses/caniuse?tab=diff,,Derived from the Angular Courses diff/feature compatibility source.
Diff,ServerTestingModule,@angular/platform-server/testing,Supplies a testing module for the Angular platform server subsystem.,deprecated,13,,deprecated,deprecated,deprecated,stable,stable,stable,stable,stable,stable,https://www.angular.courses/caniuse?tab=diff,,Derived from the Angular Courses diff/feature compatibility source.
Diff,TestBed.get,@angular/core/testing,Supplies a testing module for the Angular platform server subsystem.,removed,13,20,removed,removed,removed,deprecated,deprecated,deprecated,deprecated,deprecated,deprecated,https://www.angular.courses/caniuse?tab=diff,,Derived from the Angular Courses diff/feature compatibility source.
Diff,TestBed.flushEffects,@angular/core/testing,Execute any pending effects. use `TestBed.tick()` instead,deprecated,17,,deprecated,deprecated,deprecated,preview,preview,preview,not_available,not_available,not_available,https://www.angular.courses/caniuse?tab=diff,,Derived from the Angular Courses diff/feature compatibility source.
Diff,provideCheckNoChangesConfig,@angular/core,Used to disable exhaustive checks when verifying no expressions changed after they were checked.,preview,18,,preview,preview,preview,experimental,experimental,not_available,not_available,not_available,not_available,https://www.angular.courses/caniuse?tab=diff,,Derived from the Angular Courses diff/feature compatibility source.
Diff,Vitest,@angular/build,unit-testing and browser Vitest testing support,stable,20,,stable,stable,experimental,not_available,not_available,not_available,not_available,not_available,not_available,https://www.angular.courses/caniuse?tab=diff,,Derived from the Angular Courses diff/feature compatibility source.
Diff,withComponentInputBinding,@angular/router,Enables binding information from the Router state directly to the inputs of the component in Route configurations.,stable,16,,stable,stable,stable,stable,stable,stable,stable,not_available,not_available,https://www.angular.courses/caniuse?tab=diff,https://angular.dev/guide/routing/common-router-tasks#add-withcomponentinputbinding,Derived from the Angular Courses diff/feature compatibility source.
Diff,Unified control state change events,@angular/forms,"Unified way to listen to all form events: ValueChangeEvent, StatusChangeEvent, PristineChangeEvent and TouchedChangeEvent",stable,18,,stable,stable,stable,stable,stable,not_available,not_available,not_available,not_available,https://www.angular.courses/caniuse?tab=diff,,Derived from the Angular Courses diff/feature compatibility source.
Diff,provideBrowserGlobalErrorListeners,@angular/core,Provides an environment initializer which forwards unhandled errors to the ErrorHandler.,stable,20,,stable,stable,stable,not_available,not_available,not_available,not_available,not_available,not_available,https://www.angular.courses/caniuse?tab=diff,https://angular.dev/best-practices/error-handling#client-side-rendering,Derived from the Angular Courses diff/feature compatibility source.
Diff,inject(),@angular/core,Injects a token from the currently active injector. inject is only supported in an injection context. ,stable,14,,stable,stable,stable,stable,stable,stable,stable,stable,stable,https://www.angular.courses/caniuse?tab=diff,https://angular.dev/best-practices/error-handling#client-side-rendering,migration: ng generate @angular/core:inject Derived from the Angular Courses diff/feature compatibility source.
Diff,NG_BUILD_OPTIMIZE_CHUNKS,@angular/cli,chunk optimizer for production application builds,experimental,18,,experimental,experimental,experimental,experimental,experimental,not_available,not_available,not_available,not_available,https://www.angular.courses/caniuse?tab=diff,,Derived from the Angular Courses diff/feature compatibility source.
Diff,provideAnimationsAsync,@angular/animations,Renders animations only once the renderer is loaded,deprecated,17,,deprecated,deprecated,not_available,stable,stable,stable,not_available,not_available,not_available,https://www.angular.courses/caniuse?tab=diff,https://angular.dev/api/platform-browser/animations/async/provideAnimationsAsync#,Derived from the Angular Courses diff/feature compatibility source.
Diff,@angular/animations package,@angular/animations,Renders animations only once the renderer is loaded,deprecated,13,,deprecated,deprecated,not_available,stable,stable,stable,stable,stable,stable,https://www.angular.courses/caniuse?tab=diff,https://angular.dev/guide/animations/css,Derived from the Angular Courses diff/feature compatibility source.
Diff,Router.getCurrentNavigation,@angular/router,Returns the current navigation object,deprecated,13,,deprecated,deprecated,not_available,stable,stable,stable,stable,stable,stable,https://www.angular.courses/caniuse?tab=diff,https://angular.dev/guide/animations/css,Derived from the Angular Courses diff/feature compatibility source.
Diff,withExperimentalPlatformNavigation,@angular/router,Navigation Web API support,experimental,21.1,,experimental,not_available,not_available,not_available,not_available,not_available,not_available,not_available,not_available,https://www.angular.courses/caniuse?tab=diff,,Derived from the Angular Courses diff/feature compatibility source.
Diff,Signal forms,@angular/forms,Signal forms,stable,21,,stable,experimental,not_available,not_available,not_available,not_available,not_available,not_available,not_available,https://www.angular.courses/caniuse?tab=diff,,Derived from the Angular Courses diff/feature compatibility source.
Diff,FormArrayDirective,@angular/forms,FormArrayDirective enables wrapping a HTML form without relying on FormGroupDirective,stable,21,,stable,stable,not_available,not_available,not_available,not_available,not_available,not_available,not_available,https://www.angular.courses/caniuse?tab=diff,,Derived from the Angular Courses diff/feature compatibility source.
Diff,enableProfiling(),@angular/core,Enable profiling of the application,experimental,21,,experimental,experimental,not_available,not_available,not_available,not_available,not_available,not_available,not_available,https://www.angular.courses/caniuse?tab=diff,https://angular.dev/best-practices/profiling-with-chrome-devtools,Derived from the Angular Courses diff/feature compatibility source.
Diff,Angular Aria,@angular/aria,Angular Aria,stable,21,,stable,preview,not_available,not_available,not_available,not_available,not_available,not_available,not_available,https://www.angular.courses/caniuse?tab=diff,,Derived from the Angular Courses diff/feature compatibility source.
Diff,VERSION,@angular/upgrade,Angular version used by the project,deprecated,13,,deprecated,not_available,stable,stable,stable,stable,stable,stable,stable,https://www.angular.courses/caniuse?tab=diff,,Derived from the Angular Courses diff/feature compatibility source.
Diff,Router.isActive,@angular/router,Returns a Signal<boolean> indicating if the current route is active,deprecated,13,,deprecated,not_available,stable,stable,stable,stable,stable,stable,stable,https://www.angular.courses/caniuse?tab=diff,,Derived from the Angular Courses diff/feature compatibility source.
Diff,withExperimentalAutoCleanupInjectors,@angular/router,Enable automatic cleanup of unused route injectors,experimental,21.1,,experimental,not_available,not_available,not_available,not_available,not_available,not_available,not_available,not_available,https://www.angular.courses/caniuse?tab=diff,,Derived from the Angular Courses diff/feature compatibility source.
Diff,ResourceSnapshot,@angular/core,An explicit representation of a resource's state,stable,21.2,,stable,not_available,not_available,not_available,not_available,not_available,not_available,not_available,not_available,https://www.angular.courses/caniuse?tab=diff,,Derived from the Angular Courses diff/feature compatibility source.
Diff,resourceFromSnapshots,@angular/core,Creates a Resource driven by a source of ResourceSnapshots,stable,21.2,,stable,not_available,not_available,not_available,not_available,not_available,not_available,not_available,not_available,https://www.angular.courses/caniuse?tab=diff,,Derived from the Angular Courses diff/feature compatibility source.
Diff,withFetch,@angular/common/http,Use the Fetch API instead of XHR,deprecated,16.1,,deprecated,stable,stable,stable,stable,not_available,not_available,not_available,not_available,https://www.angular.courses/caniuse?tab=diff,,Derived from the Angular Courses diff/feature compatibility source.
Diff,ChangeDetectionStrategy.Default,@angular/core,Renamed to ChangeDetectionStrategy.Eager,deprecated,13,,deprecated,not_available,stable,stable,stable,stable,stable,stable,stable,https://www.angular.courses/caniuse?tab=diff,,Derived from the Angular Courses diff/feature compatibility source.
Diff,ChangeDetectionStrategy.Eager,@angular/core,Renamed from ChangeDetectionStrategy.Default,stable,21.2,,stable,not_available,not_available,not_available,not_available,not_available,not_available,not_available,not_available,https://www.angular.courses/caniuse?tab=diff,,Derived from the Angular Courses diff/feature compatibility source.
Diff,withXhr,@angular/common/http,Use the XMLHttpRequest API instead of the Fetch API,stable,22,,stable,not_available,not_available,not_available,not_available,not_available,not_available,not_available,not_available,https://www.angular.courses/caniuse?tab=diff,,Derived from the Angular Courses diff/feature compatibility source.
Diff,TestBed.getLastFixture,@angular/core/testing,Get the last fixture for the test,stable,22,,stable,not_available,not_available,not_available,not_available,not_available,not_available,not_available,not_available,https://www.angular.courses/caniuse?tab=diff,,Derived from the Angular Courses diff/feature compatibility source.
Diff,HTML element comments,@angular/compiler,HTML element comments,stable,22,,stable,not_available,not_available,not_available,not_available,not_available,not_available,not_available,not_available,https://www.angular.courses/caniuse?tab=diff,,Derived from the Angular Courses diff/feature compatibility source.
Diff,default OnPush strategy,@angular/core,Default OnPush strategy,stable,22,,stable,not_available,not_available,not_available,not_available,not_available,not_available,not_available,not_available,https://www.angular.courses/caniuse?tab=diff,,Derived from the Angular Courses diff/feature compatibility source.
Diff,@Service decorator,@angular/core,more ergonomic alternative to @Injectable decorator,stable,22,,stable,not_available,not_available,not_available,not_available,not_available,not_available,not_available,not_available,https://www.angular.courses/caniuse?tab=diff,,Derived from the Angular Courses diff/feature compatibility source.
Diff,provideExperimentalWebMcpTools,@angular/core,Provides a list of WebMCP tools tied to the lifecycle of the associated Injector.,experimental,22,,experimental,not_available,not_available,not_available,not_available,not_available,not_available,not_available,not_available,https://www.angular.courses/caniuse?tab=diff,,Derived from the Angular Courses diff/feature compatibility source.
Diff,injectAsync,@angular/core,Lazy load services and use the DI system to create them.,stable,22,,stable,not_available,not_available,not_available,not_available,not_available,not_available,not_available,not_available,https://www.angular.courses/caniuse?tab=diff,,Derived from the Angular Courses diff/feature compatibility source.
Diff,debounced,@angular/core,"create a debounced version of a signal, represented as a Resource",stable,22,,stable,not_available,not_available,not_available,not_available,not_available,not_available,not_available,not_available,https://www.angular.courses/caniuse?tab=diff,,Derived from the Angular Courses diff/feature compatibility source.
Diff,ChangeDetectorRef.checkNoChanges,@angular/core,Do a change detection run to make sure there were no changes.,stable,13,,stable,stable,stable,stable,stable,stable,stable,stable,stable,https://www.angular.courses/caniuse?tab=diff,,Derived from the Angular Courses diff/feature compatibility source.
Diff,ComponentFactoryResolver,@angular/core,,removed,13,22,removed,deprecated,deprecated,deprecated,deprecated,deprecated,deprecated,deprecated,deprecated,https://www.angular.courses/caniuse?tab=diff,,Derived from the Angular Courses diff/feature compatibility source.
Diff,ComponentFactory,@angular/core,,removed,13,22,removed,deprecated,deprecated,deprecated,deprecated,deprecated,deprecated,deprecated,deprecated,https://www.angular.courses/caniuse?tab=diff,,Derived from the Angular Courses diff/feature compatibility source.
Diff,Webpack Builders,@angular-devkit/build-*,,deprecated,13,,deprecated,stable,stable,stable,stable,stable,stable,stable,stable,https://www.angular.courses/caniuse?tab=diff,,Derived from the Angular Courses diff/feature compatibility source.
Diff,CommonEngine,@angular/ssr,,deprecated,13,,deprecated,stable,stable,stable,stable,stable,stable,stable,stable,https://www.angular.courses/caniuse?tab=diff,,Derived from the Angular Courses diff/feature compatibility source.
Diff,Jest builder,@angular/devkit/build-angular:jest,,removed,16,22,removed,deprecated,experimental,experimental,experimental,experimental,experimental,not_available,not_available,https://www.angular.courses/caniuse?tab=diff,,Derived from the Angular Courses diff/feature compatibility source.
Diff,Web Test Runner builder,@angular-devkit/build-angular:web-test-runner,,removed,17,22,removed,deprecated,experimental,experimental,experimental,experimental,not_available,not_available,not_available,https://www.angular.courses/caniuse?tab=diff,,Derived from the Angular Courses diff/feature compatibility source.
Diff,NoopAnimationDriver,@angular/animations/browser,,deprecated,13,13,deprecated,deprecated,not_available,stable,stable,stable,removed,removed,removed,https://www.angular.courses/caniuse?tab=diff,,Derived from the Angular Courses diff/feature compatibility source.
Diff,MockAnimationDriver,@angular/animations/browser/testing,,deprecated,13,,deprecated,deprecated,not_available,stable,stable,stable,stable,stable,stable,https://www.angular.courses/caniuse?tab=diff,,Derived from the Angular Courses diff/feature compatibility source.
Diff,MockAnimationPlayer,@angular/animations/browser/testing,,deprecated,13,,deprecated,deprecated,not_available,stable,stable,stable,stable,stable,stable,https://www.angular.courses/caniuse?tab=diff,,Derived from the Angular Courses diff/feature compatibility source.
Diff,animate,@angular/animations,,deprecated,13,,deprecated,deprecated,not_available,stable,stable,stable,stable,stable,stable,https://www.angular.courses/caniuse?tab=diff,,Derived from the Angular Courses diff/feature compatibility source.
Diff,animateChild,@angular/animations,,deprecated,13,,deprecated,deprecated,not_available,stable,stable,stable,stable,stable,stable,https://www.angular.courses/caniuse?tab=diff,,Derived from the Angular Courses diff/feature compatibility source.
Diff,AnimateChildOptions,@angular/animations,,deprecated,13,,deprecated,deprecated,not_available,stable,stable,stable,stable,stable,stable,https://www.angular.courses/caniuse?tab=diff,,Derived from the Angular Courses diff/feature compatibility source.
Diff,AnimateTimings,@angular/animations,,deprecated,13,,deprecated,deprecated,not_available,stable,stable,stable,stable,stable,stable,https://www.angular.courses/caniuse?tab=diff,,Derived from the Angular Courses diff/feature compatibility source.
Diff,animation,@angular/animations,,deprecated,13,,deprecated,deprecated,not_available,stable,stable,stable,stable,stable,stable,https://www.angular.courses/caniuse?tab=diff,,Derived from the Angular Courses diff/feature compatibility source.
Diff,AnimationAnimateChildMetadata,@angular/animations,,deprecated,13,,deprecated,deprecated,not_available,stable,stable,stable,stable,stable,stable,https://www.angular.courses/caniuse?tab=diff,,Derived from the Angular Courses diff/feature compatibility source.
Diff,AnimationAnimateMetadata,@angular/animations,,deprecated,13,,deprecated,deprecated,not_available,stable,stable,stable,stable,stable,stable,https://www.angular.courses/caniuse?tab=diff,,Derived from the Angular Courses diff/feature compatibility source.
Diff,AnimationAnimateRefMetadata,@angular/animations,,deprecated,13,,deprecated,deprecated,not_available,stable,stable,stable,stable,stable,stable,https://www.angular.courses/caniuse?tab=diff,,Derived from the Angular Courses diff/feature compatibility source.
Diff,AnimationGroupMetadata,@angular/animations,,deprecated,13,,deprecated,deprecated,not_available,stable,stable,stable,stable,stable,stable,https://www.angular.courses/caniuse?tab=diff,,Derived from the Angular Courses diff/feature compatibility source.
Diff,AnimationKeyframesSequenceMetadata,@angular/animations,,deprecated,13,,deprecated,deprecated,not_available,stable,stable,stable,stable,stable,stable,https://www.angular.courses/caniuse?tab=diff,,Derived from the Angular Courses diff/feature compatibility source.
Diff,AnimationMetadata,@angular/animations,,deprecated,13,,deprecated,deprecated,not_available,stable,stable,stable,stable,stable,stable,https://www.angular.courses/caniuse?tab=diff,,Derived from the Angular Courses diff/feature compatibility source.
Diff,AnimationOptions,@angular/animations,,deprecated,13,,deprecated,deprecated,not_available,stable,stable,stable,stable,stable,stable,https://www.angular.courses/caniuse?tab=diff,,Derived from the Angular Courses diff/feature compatibility source.
Diff,AnimationPlayer,@angular/animations,,deprecated,13,,deprecated,deprecated,not_available,stable,stable,stable,stable,stable,stable,https://www.angular.courses/caniuse?tab=diff,,Derived from the Angular Courses diff/feature compatibility source.
Diff,AnimationQueryMetadata,@angular/animations,,deprecated,13,,deprecated,deprecated,not_available,stable,stable,stable,stable,stable,stable,https://www.angular.courses/caniuse?tab=diff,,Derived from the Angular Courses diff/feature compatibility source.
Diff,AnimationQueryOptions,@angular/animations,,deprecated,13,,deprecated,deprecated,not_available,stable,stable,stable,stable,stable,stable,https://www.angular.courses/caniuse?tab=diff,,Derived from the Angular Courses diff/feature compatibility source.
Diff,AnimationReferenceMetadata,@angular/animations,,deprecated,13,,deprecated,deprecated,not_available,stable,stable,stable,stable,stable,stable,https://www.angular.courses/caniuse?tab=diff,,Derived from the Angular Courses diff/feature compatibility source.
Diff,AnimationSequenceMetadata,@angular/animations,,deprecated,13,,deprecated,deprecated,not_available,stable,stable,stable,stable,stable,stable,https://www.angular.courses/caniuse?tab=diff,,Derived from the Angular Courses diff/feature compatibility source.
Diff,AnimationStaggerMetadata,@angular/animations,,deprecated,13,,deprecated,deprecated,not_available,stable,stable,stable,stable,stable,stable,https://www.angular.courses/caniuse?tab=diff,,Derived from the Angular Courses diff/feature compatibility source.
Diff,AnimationStateMetadata,@angular/animations,,deprecated,13,,deprecated,deprecated,not_available,stable,stable,stable,stable,stable,stable,https://www.angular.courses/caniuse?tab=diff,,Derived from the Angular Courses diff/feature compatibility source.
Diff,AnimationStyleMetadata,@angular/animations,,deprecated,13,,deprecated,deprecated,not_available,stable,stable,stable,stable,stable,stable,https://www.angular.courses/caniuse?tab=diff,,Derived from the Angular Courses diff/feature compatibility source.
Diff,AnimationTransitionMetadata,@angular/animations,,deprecated,13,,deprecated,deprecated,not_available,stable,stable,stable,stable,stable,stable,https://www.angular.courses/caniuse?tab=diff,,Derived from the Angular Courses diff/feature compatibility source.
Diff,AnimationTriggerMetadata,@angular/animations,,deprecated,13,,deprecated,deprecated,not_available,stable,stable,stable,stable,stable,stable,https://www.angular.courses/caniuse?tab=diff,,Derived from the Angular Courses diff/feature compatibility source.
Diff,AUTO_STYLE,@angular/animations,,deprecated,13,,deprecated,deprecated,not_available,stable,stable,stable,stable,stable,stable,https://www.angular.courses/caniuse?tab=diff,,Derived from the Angular Courses diff/feature compatibility source.
Diff,group,@angular/animations,,deprecated,13,,deprecated,deprecated,not_available,stable,stable,stable,stable,stable,stable,https://www.angular.courses/caniuse?tab=diff,,Derived from the Angular Courses diff/feature compatibility source.
Diff,keyframes,@angular/animations,,deprecated,13,,deprecated,deprecated,not_available,stable,stable,stable,stable,stable,stable,https://www.angular.courses/caniuse?tab=diff,,Derived from the Angular Courses diff/feature compatibility source.
Diff,NoopAnimationPlayer,@angular/animations,,deprecated,13,,deprecated,deprecated,not_available,stable,stable,stable,stable,stable,stable,https://www.angular.courses/caniuse?tab=diff,,Derived from the Angular Courses diff/feature compatibility source.
Diff,query,@angular/animations,,deprecated,13,,deprecated,deprecated,not_available,stable,stable,stable,stable,stable,stable,https://www.angular.courses/caniuse?tab=diff,,Derived from the Angular Courses diff/feature compatibility source.
Diff,sequence,@angular/animations,,deprecated,13,,deprecated,deprecated,not_available,stable,stable,stable,stable,stable,stable,https://www.angular.courses/caniuse?tab=diff,,Derived from the Angular Courses diff/feature compatibility source.
Diff,stagger,@angular/animations,,deprecated,13,,deprecated,deprecated,not_available,stable,stable,stable,stable,stable,stable,https://www.angular.courses/caniuse?tab=diff,,Derived from the Angular Courses diff/feature compatibility source.
Diff,state,@angular/animations,,deprecated,13,,deprecated,deprecated,not_available,stable,stable,stable,stable,stable,stable,https://www.angular.courses/caniuse?tab=diff,,Derived from the Angular Courses diff/feature compatibility source.
Diff,style,@angular/animations,,deprecated,13,,deprecated,deprecated,not_available,stable,stable,stable,stable,stable,stable,https://www.angular.courses/caniuse?tab=diff,,Derived from the Angular Courses diff/feature compatibility source.
Diff,transition,@angular/animations,,deprecated,13,,deprecated,deprecated,not_available,stable,stable,stable,stable,stable,stable,https://www.angular.courses/caniuse?tab=diff,,Derived from the Angular Courses diff/feature compatibility source.
Diff,trigger,@angular/animations,,deprecated,13,,deprecated,deprecated,not_available,stable,stable,stable,stable,stable,stable,https://www.angular.courses/caniuse?tab=diff,,Derived from the Angular Courses diff/feature compatibility source.
Diff,useAnimation,@angular/animations,,deprecated,13,,deprecated,deprecated,not_available,stable,stable,stable,stable,stable,stable,https://www.angular.courses/caniuse?tab=diff,,Derived from the Angular Courses diff/feature compatibility source.
Diff,HttpClientJsonpModule,@angular/common/http,,deprecated,13,,deprecated,deprecated,deprecated,deprecated,deprecated,stable,stable,stable,stable,https://www.angular.courses/caniuse?tab=diff,,Derived from the Angular Courses diff/feature compatibility source.
Diff,HttpClientModule,@angular/common/http,,deprecated,13,,deprecated,deprecated,deprecated,deprecated,deprecated,stable,stable,stable,stable,https://www.angular.courses/caniuse?tab=diff,,Derived from the Angular Courses diff/feature compatibility source.
Diff,HttpClientXsrfModule,@angular/common/http,,deprecated,13,,deprecated,deprecated,deprecated,deprecated,deprecated,stable,stable,stable,stable,https://www.angular.courses/caniuse?tab=diff,,Derived from the Angular Courses diff/feature compatibility source.
Diff,HttpClientTestingModule,@angular/common/http/testing,,deprecated,13,,deprecated,deprecated,deprecated,deprecated,deprecated,stable,stable,stable,stable,https://www.angular.courses/caniuse?tab=diff,,Derived from the Angular Courses diff/feature compatibility source.
Diff,DATE_PIPE_DEFAULT_TIMEZONE,@angular/common,,deprecated,13,,deprecated,deprecated,deprecated,deprecated,deprecated,deprecated,deprecated,deprecated,stable,https://www.angular.courses/caniuse?tab=diff,,Derived from the Angular Courses diff/feature compatibility source.
Diff,getCurrencySymbol,@angular/common,,deprecated,13,,deprecated,deprecated,deprecated,deprecated,deprecated,stable,stable,stable,stable,https://www.angular.courses/caniuse?tab=diff,,Derived from the Angular Courses diff/feature compatibility source.
Diff,getLocaleCurrencyCode,@angular/common,,deprecated,13,,deprecated,deprecated,deprecated,deprecated,deprecated,stable,stable,stable,stable,https://www.angular.courses/caniuse?tab=diff,,Derived from the Angular Courses diff/feature compatibility source.
Diff,getLocaleCurrencyName,@angular/common,,deprecated,13,,deprecated,deprecated,deprecated,deprecated,deprecated,stable,stable,stable,stable,https://www.angular.courses/caniuse?tab=diff,,Derived from the Angular Courses diff/feature compatibility source.
Diff,getLocaleCurrencySymbol,@angular/common,,deprecated,13,,deprecated,deprecated,deprecated,deprecated,deprecated,stable,stable,stable,stable,https://www.angular.courses/caniuse?tab=diff,,Derived from the Angular Courses diff/feature compatibility source.
Diff,getLocaleDateFormat,@angular/common,,deprecated,13,,deprecated,deprecated,deprecated,deprecated,deprecated,stable,stable,stable,stable,https://www.angular.courses/caniuse?tab=diff,,Derived from the Angular Courses diff/feature compatibility source.
Diff,getLocaleDateTimeFormat,@angular/common,,deprecated,13,,deprecated,deprecated,deprecated,deprecated,deprecated,stable,stable,stable,stable,https://www.angular.courses/caniuse?tab=diff,,Derived from the Angular Courses diff/feature compatibility source.
Diff,getLocaleDayNames,@angular/common,,deprecated,13,,deprecated,deprecated,deprecated,deprecated,deprecated,stable,stable,stable,stable,https://www.angular.courses/caniuse?tab=diff,,Derived from the Angular Courses diff/feature compatibility source.
Diff,getLocaleDayPeriods,@angular/common,,deprecated,13,,deprecated,deprecated,deprecated,deprecated,deprecated,stable,stable,stable,stable,https://www.angular.courses/caniuse?tab=diff,,Derived from the Angular Courses diff/feature compatibility source.
Diff,getLocaleDirection,@angular/common,,deprecated,13,,deprecated,deprecated,deprecated,deprecated,deprecated,stable,stable,stable,stable,https://www.angular.courses/caniuse?tab=diff,,Derived from the Angular Courses diff/feature compatibility source.
Diff,getLocaleEraNames,@angular/common,,deprecated,13,,deprecated,deprecated,deprecated,deprecated,deprecated,stable,stable,stable,stable,https://www.angular.courses/caniuse?tab=diff,,Derived from the Angular Courses diff/feature compatibility source.
Diff,getLocaleExtraDayPeriodRules,@angular/common,,deprecated,13,,deprecated,deprecated,deprecated,deprecated,deprecated,stable,stable,stable,stable,https://www.angular.courses/caniuse?tab=diff,,Derived from the Angular Courses diff/feature compatibility source.
Diff,getLocaleExtraDayPeriods,@angular/common,,deprecated,13,,deprecated,deprecated,deprecated,deprecated,deprecated,stable,stable,stable,stable,https://www.angular.courses/caniuse?tab=diff,,Derived from the Angular Courses diff/feature compatibility source.
Diff,getLocaleFirstDayOfWeek,@angular/common,,deprecated,13,,deprecated,deprecated,deprecated,deprecated,deprecated,stable,stable,stable,stable,https://www.angular.courses/caniuse?tab=diff,,Derived from the Angular Courses diff/feature compatibility source.
Diff,getLocaleId,@angular/common,,deprecated,13,,deprecated,deprecated,deprecated,deprecated,deprecated,stable,stable,stable,stable,https://www.angular.courses/caniuse?tab=diff,,Derived from the Angular Courses diff/feature compatibility source.
Diff,getLocaleMonthNames,@angular/common,,deprecated,13,,deprecated,deprecated,deprecated,deprecated,deprecated,stable,stable,stable,stable,https://www.angular.courses/caniuse?tab=diff,,Derived from the Angular Courses diff/feature compatibility source.
Diff,getLocaleNumberFormat,@angular/common,,deprecated,13,,deprecated,deprecated,deprecated,deprecated,deprecated,stable,stable,stable,stable,https://www.angular.courses/caniuse?tab=diff,,Derived from the Angular Courses diff/feature compatibility source.
Diff,getLocaleNumberSymbol,@angular/common,,deprecated,13,,deprecated,deprecated,deprecated,deprecated,deprecated,stable,stable,stable,stable,https://www.angular.courses/caniuse?tab=diff,,Derived from the Angular Courses diff/feature compatibility source.
Diff,getLocalePluralCase,@angular/common,,deprecated,13,,deprecated,deprecated,deprecated,deprecated,deprecated,stable,stable,stable,stable,https://www.angular.courses/caniuse?tab=diff,,Derived from the Angular Courses diff/feature compatibility source.
Diff,getLocaleTimeFormat,@angular/common,,deprecated,13,,deprecated,deprecated,deprecated,deprecated,deprecated,stable,stable,stable,stable,https://www.angular.courses/caniuse?tab=diff,,Derived from the Angular Courses diff/feature compatibility source.
Diff,getLocaleWeekEndRange,@angular/common,,deprecated,13,,deprecated,deprecated,deprecated,deprecated,deprecated,stable,stable,stable,stable,https://www.angular.courses/caniuse?tab=diff,,Derived from the Angular Courses diff/feature compatibility source.
Diff,getNumberOfCurrencyDigits,@angular/common,,deprecated,13,,deprecated,deprecated,deprecated,deprecated,deprecated,stable,stable,stable,stable,https://www.angular.courses/caniuse?tab=diff,,Derived from the Angular Courses diff/feature compatibility source.
Diff,Time,@angular/common,,deprecated,13,,deprecated,deprecated,deprecated,deprecated,deprecated,stable,stable,stable,stable,https://www.angular.courses/caniuse?tab=diff,,Derived from the Angular Courses diff/feature compatibility source.
Diff,APP_INITIALIZER,@angular/core,,deprecated,13,,deprecated,deprecated,deprecated,deprecated,stable,stable,stable,stable,stable,https://www.angular.courses/caniuse?tab=diff,,Derived from the Angular Courses diff/feature compatibility source.
Diff,BootstrapOptions,@angular/core,,deprecated,13,13,deprecated,deprecated,not_available,stable,stable,stable,stable,stable,stable,https://www.angular.courses/caniuse?tab=diff,,Derived from the Angular Courses diff/feature compatibility source.
Diff,Compiler,@angular/core,,deprecated,13,,deprecated,deprecated,deprecated,deprecated,deprecated,deprecated,deprecated,deprecated,deprecated,https://www.angular.courses/caniuse?tab=diff,,Derived from the Angular Courses diff/feature compatibility source.
Diff,DefaultIterableDiffer,@angular/core,,deprecated,13,,deprecated,deprecated,deprecated,deprecated,deprecated,deprecated,deprecated,deprecated,deprecated,https://www.angular.courses/caniuse?tab=diff,,Derived from the Angular Courses diff/feature compatibility source.
Diff,ENVIRONMENT_INITIALIZER,@angular/core,,deprecated,13,13,deprecated,deprecated,deprecated,deprecated,stable,stable,stable,stable,stable,https://www.angular.courses/caniuse?tab=diff,,Derived from the Angular Courses diff/feature compatibility source.
Diff,getModuleFactory,@angular/core,,deprecated,13,,deprecated,deprecated,deprecated,deprecated,deprecated,deprecated,deprecated,deprecated,deprecated,https://www.angular.courses/caniuse?tab=diff,,Derived from the Angular Courses diff/feature compatibility source.
Diff,PLATFORM_INITIALIZER,@angular/core,,deprecated,13,,deprecated,deprecated,deprecated,deprecated,stable,stable,stable,stable,stable,https://www.angular.courses/caniuse?tab=diff,,Derived from the Angular Courses diff/feature compatibility source.
Diff,JitCompilerFactory,@angular/platform-browser-dynamic,,deprecated,13,,deprecated,deprecated,deprecated,deprecated,deprecated,deprecated,deprecated,deprecated,deprecated,https://www.angular.courses/caniuse?tab=diff,,Derived from the Angular Courses diff/feature compatibility source.
Diff,platformBrowserDynamic,@angular/platform-browser-dynamic,,deprecated,13,,deprecated,deprecated,deprecated,stable,stable,stable,stable,stable,stable,https://www.angular.courses/caniuse?tab=diff,,Derived from the Angular Courses diff/feature compatibility source.
Diff,BrowserDynamicTestingModule,@angular/platform-browser-dynamic/testing,,deprecated,13,,deprecated,deprecated,deprecated,stable,stable,stable,stable,stable,stable,https://www.angular.courses/caniuse?tab=diff,,Derived from the Angular Courses diff/feature compatibility source.
Diff,platformBrowserDynamicTesting,@angular/platform-browser-dynamic/testing,,deprecated,13,,deprecated,deprecated,deprecated,stable,stable,stable,stable,stable,stable,https://www.angular.courses/caniuse?tab=diff,,Derived from the Angular Courses diff/feature compatibility source.
Diff,BrowserAnimationsModule,@angular/platform-browser/animations,,deprecated,13,,deprecated,deprecated,not_available,stable,stable,stable,stable,stable,stable,https://www.angular.courses/caniuse?tab=diff,,Derived from the Angular Courses diff/feature compatibility source.
Diff,BrowserAnimationsModuleConfig,@angular/platform-browser/animations,,deprecated,13,,deprecated,deprecated,not_available,stable,stable,stable,stable,stable,stable,https://www.angular.courses/caniuse?tab=diff,,Derived from the Angular Courses diff/feature compatibility source.
Diff,NoopAnimationsModule,@angular/platform-browser/animations,,deprecated,13,,deprecated,deprecated,not_available,stable,stable,stable,stable,stable,stable,https://www.angular.courses/caniuse?tab=diff,,Derived from the Angular Courses diff/feature compatibility source.
Diff,provideAnimations,@angular/platform-browser/animations,,deprecated,13,13,deprecated,deprecated,not_available,stable,stable,stable,stable,stable,stable,https://www.angular.courses/caniuse?tab=diff,,Derived from the Angular Courses diff/feature compatibility source.
Diff,provideNoopAnimations,@angular/platform-browser/animations,,deprecated,13,13,deprecated,deprecated,not_available,stable,stable,stable,stable,stable,stable,https://www.angular.courses/caniuse?tab=diff,,Derived from the Angular Courses diff/feature compatibility source.
Diff,CanActivate,@angular/router,,stable,13,,stable,stable,stable,stable,stable,deprecated,deprecated,not_available,stable,https://www.angular.courses/caniuse?tab=diff,,Derived from the Angular Courses diff/feature compatibility source.
Diff,CanActivateChild,@angular/router,,stable,13,,stable,stable,stable,stable,stable,deprecated,deprecated,not_available,stable,https://www.angular.courses/caniuse?tab=diff,,Derived from the Angular Courses diff/feature compatibility source.
Diff,CanDeactivate,@angular/router,,stable,13,,stable,stable,stable,stable,stable,deprecated,deprecated,not_available,stable,https://www.angular.courses/caniuse?tab=diff,,Derived from the Angular Courses diff/feature compatibility source.
Diff,CanLoad,@angular/router,,deprecated,13,,deprecated,deprecated,deprecated,deprecated,deprecated,deprecated,deprecated,not_available,stable,https://www.angular.courses/caniuse?tab=diff,,Derived from the Angular Courses diff/feature compatibility source.
Diff,CanLoadFn,@angular/router,,deprecated,13,13,deprecated,deprecated,deprecated,deprecated,deprecated,deprecated,deprecated,not_available,stable,https://www.angular.courses/caniuse?tab=diff,,Derived from the Angular Courses diff/feature compatibility source.
Diff,CanMatch,@angular/router,,stable,13,13,stable,stable,stable,stable,stable,deprecated,deprecated,not_available,stable,https://www.angular.courses/caniuse?tab=diff,,Derived from the Angular Courses diff/feature compatibility source.
Diff,DeprecatedGuard,@angular/router,,deprecated,13,13,deprecated,deprecated,deprecated,deprecated,deprecated,deprecated,deprecated,not_available,removed,https://www.angular.courses/caniuse?tab=diff,,Derived from the Angular Courses diff/feature compatibility source.
Diff,DeprecatedResolve,@angular/router,,deprecated,13,13,deprecated,deprecated,deprecated,removed,removed,removed,removed,removed,removed,https://www.angular.courses/caniuse?tab=diff,,Derived from the Angular Courses diff/feature compatibility source.
Diff,Resolve,@angular/router,,stable,13,,stable,stable,stable,stable,stable,deprecated,deprecated,not_available,stable,https://www.angular.courses/caniuse?tab=diff,,Derived from the Angular Courses diff/feature compatibility source.
Diff,RouterTestingModule,@angular/router/testing,,deprecated,13,,deprecated,deprecated,deprecated,deprecated,deprecated,not_available,stable,stable,stable,https://www.angular.courses/caniuse?tab=diff,,Derived from the Angular Courses diff/feature compatibility source.
Diff,downgradeModule,@angular/upgrade/static,,deprecated,13.4,,deprecated,not_available,not_available,not_available,not_available,not_available,not_available,not_available,not_available,https://www.angular.courses/caniuse?tab=diff,,Derived from the Angular Courses diff/feature compatibility source.
Diff,createNgModuleRef,@angular/core,,removed,13,22,removed,deprecated,deprecated,deprecated,deprecated,deprecated,deprecated,deprecated,not_available,https://www.angular.courses/caniuse?tab=diff,,Derived from the Angular Courses diff/feature compatibility source.
Diff,ModuleWithComponentFactories,@angular/core,,removed,13,22,removed,deprecated,deprecated,deprecated,deprecated,deprecated,deprecated,deprecated,deprecated,https://www.angular.courses/caniuse?tab=diff,,Derived from the Angular Courses diff/feature compatibility source.
Diff,HAMMER_GESTURE_CONFIG,@angular/platform-browser,,removed,13,22,removed,deprecated,deprecated,stable,stable,stable,stable,stable,stable,https://www.angular.courses/caniuse?tab=diff,,Derived from the Angular Courses diff/feature compatibility source.
Diff,HAMMER_LOADER,@angular/platform-browser,,removed,13,22,removed,deprecated,deprecated,stable,stable,stable,stable,stable,stable,https://www.angular.courses/caniuse?tab=diff,,Derived from the Angular Courses diff/feature compatibility source.
Diff,HammerGestureConfig,@angular/platform-browser,,removed,13,22,removed,deprecated,deprecated,stable,stable,stable,stable,stable,stable,https://www.angular.courses/caniuse?tab=diff,,Derived from the Angular Courses diff/feature compatibility source.
Diff,HammerLoader,@angular/platform-browser,,removed,13,22,removed,deprecated,deprecated,stable,stable,stable,stable,stable,stable,https://www.angular.courses/caniuse?tab=diff,,Derived from the Angular Courses diff/feature compatibility source.
Diff,HammerModule,@angular/platform-browser,,removed,13,22,removed,deprecated,deprecated,stable,stable,stable,stable,stable,stable,https://www.angular.courses/caniuse?tab=diff,,Derived from the Angular Courses diff/feature compatibility source.
Diff,provideRoutes,@angular/router,,removed,13,22,removed,deprecated,deprecated,deprecated,deprecated,deprecated,deprecated,deprecated,stable,https://www.angular.courses/caniuse?tab=diff,,Derived from the Angular Courses diff/feature compatibility source.
Diff,getAngularLib,@angular/upgrade/static,,removed,13,22,removed,deprecated,deprecated,deprecated,deprecated,deprecated,deprecated,deprecated,deprecated,https://www.angular.courses/caniuse?tab=diff,,Derived from the Angular Courses diff/feature compatibility source.
Diff,setAngularLib,@angular/upgrade/static,,removed,13,22,removed,deprecated,deprecated,deprecated,deprecated,deprecated,deprecated,deprecated,deprecated,https://www.angular.courses/caniuse?tab=diff,,Derived from the Angular Courses diff/feature compatibility source.
Diff,ImportedNgModuleProviders,@angular/core,,removed,14,21,removed,removed,deprecated,deprecated,deprecated,deprecated,deprecated,deprecated,stable,https://www.angular.courses/caniuse?tab=diff,,Derived from the Angular Courses diff/feature compatibility source.
Diff,NgProbeToken,@angular/core,,removed,13,21,removed,removed,deprecated,deprecated,deprecated,deprecated,stable,stable,stable,https://www.angular.courses/caniuse?tab=diff,,Derived from the Angular Courses diff/feature compatibility source.
Diff,PACKAGE_ROOT_URL,@angular/core,,removed,13,21,removed,removed,deprecated,deprecated,deprecated,deprecated,not_available,stable,stable,https://www.angular.courses/caniuse?tab=diff,,Derived from the Angular Courses diff/feature compatibility source.
Diff,ApplicationConfig,@angular/platform-browser,,removed,13,13,removed,removed,not_available,not_available,not_available,not_available,not_available,stable,stable,https://www.angular.courses/caniuse?tab=diff,,Derived from the Angular Courses diff/feature compatibility source.
Diff,UpgradeAdapter,@angular/upgrade,,removed,13,21,removed,removed,deprecated,deprecated,deprecated,deprecated,deprecated,deprecated,deprecated,https://www.angular.courses/caniuse?tab=diff,,Derived from the Angular Courses diff/feature compatibility source.
Diff,UpgradeAdapterRef,@angular/upgrade,,removed,13,21,removed,removed,deprecated,deprecated,deprecated,deprecated,deprecated,deprecated,deprecated,https://www.angular.courses/caniuse?tab=diff,,Derived from the Angular Courses diff/feature compatibility source.
Diff,isPlatformWorkerApp,@angular/common,,removed,13,18,removed,removed,removed,removed,removed,deprecated,deprecated,stable,stable,https://www.angular.courses/caniuse?tab=diff,,Derived from the Angular Courses diff/feature compatibility source.
Diff,isPlatformWorkerUi,@angular/common,,removed,13,18,removed,removed,removed,removed,removed,deprecated,deprecated,stable,stable,https://www.angular.courses/caniuse?tab=diff,,Derived from the Angular Courses diff/feature compatibility source.
Diff,async,@angular/core/testing,,removed,13,18,removed,removed,removed,removed,removed,deprecated,deprecated,deprecated,deprecated,https://www.angular.courses/caniuse?tab=diff,,Derived from the Angular Courses diff/feature compatibility source.
Diff,RESOURCE_CACHE_PROVIDER,@angular/platform-browser-dynamic,,removed,13.2,18,removed,removed,removed,removed,removed,deprecated,deprecated,deprecated,deprecated,https://www.angular.courses/caniuse?tab=diff,,Derived from the Angular Courses diff/feature compatibility source.
Diff,makeStateKey,@angular/platform-browser,,removed,13,18,removed,removed,removed,removed,removed,not_available,not_available,stable,stable,https://www.angular.courses/caniuse?tab=diff,,Derived from the Angular Courses diff/feature compatibility source.
Diff,StateKey,@angular/platform-browser,,removed,13,18,removed,removed,removed,removed,removed,not_available,not_available,stable,stable,https://www.angular.courses/caniuse?tab=diff,,Derived from the Angular Courses diff/feature compatibility source.
Diff,platformDynamicServer,@angular/platform-server,,removed,13,18,removed,removed,removed,removed,removed,deprecated,deprecated,stable,stable,https://www.angular.courses/caniuse?tab=diff,,Derived from the Angular Courses diff/feature compatibility source.
Diff,ServerTransferStateModule,@angular/platform-server,,removed,13,18,removed,removed,removed,removed,removed,deprecated,deprecated,deprecated,not_available,https://www.angular.courses/caniuse?tab=diff,,Derived from the Angular Courses diff/feature compatibility source.
Diff,setupTestingRouter,@angular/router/testing,,removed,13,17,removed,removed,removed,removed,removed,removed,deprecated,not_available,stable,https://www.angular.courses/caniuse?tab=diff,,Derived from the Angular Courses diff/feature compatibility source.
Diff,UpdateActivatedEvent,@angular/service-worker,,removed,13,17,removed,removed,removed,removed,removed,removed,deprecated,deprecated,deprecated,https://www.angular.courses/caniuse?tab=diff,,Derived from the Angular Courses diff/feature compatibility source.
Diff,UpdateAvailableEvent,@angular/service-worker,,removed,13,17,removed,removed,removed,removed,removed,removed,deprecated,deprecated,deprecated,https://www.angular.courses/caniuse?tab=diff,,Derived from the Angular Courses diff/feature compatibility source.
Diff,XhrFactory,@angular/common/http,,removed,13,16,removed,removed,removed,removed,removed,removed,removed,deprecated,deprecated,https://www.angular.courses/caniuse?tab=diff,,Derived from the Angular Courses diff/feature compatibility source.
Diff,ANALYZE_FOR_ENTRY_COMPONENTS,@angular/core,,removed,13,16,removed,removed,removed,removed,removed,removed,removed,deprecated,deprecated,https://www.angular.courses/caniuse?tab=diff,,Derived from the Angular Courses diff/feature compatibility source.
Diff,ReflectiveKey,@angular/core,,removed,13,16,removed,removed,removed,removed,removed,removed,removed,deprecated,deprecated,https://www.angular.courses/caniuse?tab=diff,,Derived from the Angular Courses diff/feature compatibility source.
Diff,BrowserTransferStateModule,@angular/platform-browser,,removed,13,16,removed,removed,removed,removed,removed,removed,removed,deprecated,not_available,https://www.angular.courses/caniuse?tab=diff,,Derived from the Angular Courses diff/feature compatibility source.
Diff,renderModuleFactory,@angular/platform-server,,removed,13,16,removed,removed,removed,removed,removed,removed,removed,deprecated,deprecated,https://www.angular.courses/caniuse?tab=diff,,Derived from the Angular Courses diff/feature compatibility source.
Diff,NgOptimizedImageModule,@angular/common,,removed,13.4,14,removed,removed,removed,removed,removed,removed,removed,removed,removed,https://www.angular.courses/caniuse?tab=diff,,Derived from the Angular Courses diff/feature compatibility source.
Migrations,common-to-standalone,@angular/core,Replaces CommonModule usage with individual imports from @angular/common,,21.0.0,,,,,,,,,,,https://www.angular.courses/caniuse?tab=migrations,https://angular.dev/reference/migrations/common-to-standalone,command: ng generate @angular/core:common-to-standalone
Migrations,router-testing-module,@angular/core,Convert deprecated RouterTestingModule usages to the recommended modern APIs.,,21.0.0,,,,,,,,,,,https://www.angular.courses/caniuse?tab=migrations,https://angular.dev/reference/migrations/router-testing-module-migration,command: ng g @angular/core:router-testing-module-migration
Migrations,ngstyle-to-style,@angular/core,Convert NgStyle directive usages to style bindings .,,21.0.0,,,,,,,,,,,https://www.angular.courses/caniuse?tab=migrations,https://angular.dev/reference/migrations/ngstyle-to-style,command: ng g @angular/core:ngstyle-to-style
Migrations,ngclass-to-class,@angular/core,Convert ngClass directive usages to class bindings.,,21.0.0,,,,,,,,,,,https://www.angular.courses/caniuse?tab=migrations,https://angular.dev/reference/migrations/ngclass-to-class,command: ng g @angular/core:ngclass-to-class
Migrations,self-closing-tags,@angular/core,Convert component selectors in the templates to self-closing tags.,,19.2.0,,,,,,,,,,,https://www.angular.courses/caniuse?tab=migrations,https://angular.dev/reference/migrations/self-closing-tags,command: ng g @angular/core:self-closing-tag
Migrations,cleanup-unused-imports,@angular/core,Removes all unused standalone imports across the entire project.,,19.1.0,,,,,,,,,,,https://www.angular.courses/caniuse?tab=migrations,https://angular.dev/reference/migrations/cleanup-unused-imports,command: ng g @angular/core:cleanup-unused-imports
Migrations,signal-queries,@angular/core,Convert decorator queries to signal queries.,,19.0.0,,,,,,,,,,,https://www.angular.courses/caniuse?tab=migrations,https://angular.dev/reference/migrations/signal-queries,command: ng g @angular/core:signal-queries-migration
Migrations,output,@angular/core,Convert outputs from the decorator version to the output function.,,19.0.0,,,,,,,,,,,https://www.angular.courses/caniuse?tab=migrations,https://angular.dev/reference/migrations/outputs,command: ng g @angular/core:output-migration
Migrations,signal-input,@angular/core,Convert `@Input()` declarations to signal inputs.,,19.0.0,,,,,,,,,,,https://www.angular.courses/caniuse?tab=migrations,https://angular.dev/reference/migrations/signal-inputs,command: ng g @angular/core:signal-input-migration
Migrations,route-lazy-loading,@angular/core,Convert eagerly loaded component routes to lazy-loaded routes.,,18.2.0,,,,,,,,,,,https://www.angular.courses/caniuse?tab=migrations,https://angular.dev/reference/migrations/route-lazy-loading,command: ng g @angular/core:route-lazy-loading
Migrations,inject,@angular/core,Converts classes using constructor-based injection to the inject function.,,18.2.0,,,,,,,,,,,https://www.angular.courses/caniuse?tab=migrations,https://angular.dev/reference/migrations/inject-function,command: ng g @angular/core:inject
Migrations,control-flow,@angular/core,"Replaces the existing usages of *ngIf, *ngFor, and *ngSwitch to their equivalent block syntax.",,17.0.0,,,,,,,,,,,https://www.angular.courses/caniuse?tab=migrations,https://angular.dev/reference/migrations/control-flow,command: ng g @angular/core:control-flow
Migrations,standalone,@angular/core,"Convert an application to standalone components, directives, and pipes.",,15.2.0,,,,,,,,,,,https://www.angular.courses/caniuse?tab=migrations,https://angular.dev/reference/migrations/standalone,command: ng g @angular/core:standalone
Update,add-istanbul-instrumenter,angular-cli,Add 'istanbul-lib-instrument' to 'devDependencies' if Karma unit testing is used.,,22.0.0,,available,,,,,,,,,https://www.angular.courses/caniuse/update/migrations/angular-cli/add-istanbul-instrumenter,,
Update,can-match-snapshot-required,angular,Adds the required third argument to canMatch callsites.,,22.0.0,,available,,,,,,,,,https://www.angular.courses/caniuse/update/migrations/angular/can-match-snapshot-required,,
Update,change-detection-eager,angular,Adds `ChangeDetectionStrategy.Eager` to all components.,,22.0.0,,available,,,,,,,,,https://www.angular.courses/caniuse/update/migrations/angular/change-detection-eager,,
Update,http-xhr-backend,angular,Adds 'withXhr' to 'provideHttpClient' function calls when the 'HttpXhrBackend' is used. For more information see: https://angular.dev/api/common/http/withXhr,,22.0.0,,available,,,,,,,,,https://www.angular.courses/caniuse/update/migrations/angular/http-xhr-backend,,
Update,incremental-hydration,angular,Adds withNoIncrementalHydration() opt out to provideClientHydration() when incremental hydration is not enabled to retain pre-v22 behavior-.,,22.0.0,,available,,,,,,,,,https://www.angular.courses/caniuse/update/migrations/angular/incremental-hydration,,
Update,migrate-karma-to-vitest,angular-cli,Migrate projects using legacy Karma unit-test builder to the new unit-test builder with Vitest.,optional,22.0.0,,optional,,,,,,,,,https://www.angular.courses/caniuse/update/migrations/angular-cli/migrate-karma-to-vitest,,optional migration
Update,model-output,angular,Migrate broken duplicate outputs,,22.0.0,,available,,,,,,,,,https://www.angular.courses/caniuse/update/migrations/angular/model-output,,
Update,safe-optional-chaining,angular,Wraps optional chaining expressions in $safeNavigationMigration().,,22.0.0,,available,,,,,,,,,https://www.angular.courses/caniuse/update/migrations/angular/safe-optional-chaining,,
Update,strict-safe-navigation-narrow,angular,Disables the 'nullishCoalescingNotNullable & optionalChainNotNullable extended diagnostics.,,22.0.0,,available,,,,,,,,,https://www.angular.courses/caniuse/update/migrations/angular/strict-safe-navigation-narrow,,
Update,strict-templates-default,angular,Adds 'strictTemplates: false' in tsconfig.json when not set.,,22.0.0,,available,,,,,,,,,https://www.angular.courses/caniuse/update/migrations/angular/strict-templates-default,,
Update,trust-proxy-headers,angular-cli,Add 'trustProxyHeaders' configuration to 'AngularNodeAppEngine' or 'AngularAppEngine'. For more information see: https://angular.dev/best-practices/security#configuring-trusted-proxy-headers,,22.0.0,,available,,,,,,,,,https://www.angular.courses/caniuse/update/migrations/angular-cli/trust-proxy-headers,,
Update,application-config-core,angular,Moves imports of `ApplicationConfig` from `@angular/platform-browser` to `@angular/core`,,21.0.0,,,available,,,,,,,,https://www.angular.courses/caniuse/update/migrations/angular/application-config-core,,
Update,bootstrap-options-migration,angular,Migrates deprecated bootstrap options to providers.,,21.0.0,,,available,,,,,,,,https://www.angular.courses/caniuse/update/migrations/angular/bootstrap-options-migration,,
Update,router-last-successful-navigation,angular,Ensures that the Router.lastSuccessfulNavigation signal is now invoked,,21.0.0,,,available,,,,,,,,https://www.angular.courses/caniuse/update/migrations/angular/router-last-successful-navigation,,
Update,update-typescript-lib,angular-cli,Updates the 'lib' property in tsconfig files to use 'es2022' or a more modern version.,,21.0.0,,,available,,,,,,,,https://www.angular.courses/caniuse/update/migrations/angular-cli/update-typescript-lib,,
Update,add-bootstrap-context-to-server-main,angular,Adds `BootstrapContext` to `bootstrapApplication` calls in `main.server.ts` to support server rendering.,,20.3.0,,,,available,,,,,,,https://www.angular.courses/caniuse/update/migrations/angular/add-bootstrap-context-to-server-main,,
Update,remove-default-karma-config,angular-cli,Remove any karma configuration files that only contain the default content. The default configuration is automatically available without a specific project file.,,20.2.0,,,,available,,,,,,,https://www.angular.courses/caniuse/update/migrations/angular-cli/remove-default-karma-config,,
Update,router-current-navigation,angular,Replaces usages of the deprecated Router.getCurrentNavigation method with the Router.currentNavigation signal,optional,20.2.0,,,,optional,,,,,,,https://www.angular.courses/caniuse/update/migrations/angular/router-current-navigation,,optional migration
Update,control-flow-migration,angular,Converts the entire application to block control flow syntax,optional,20.0.0,,,,optional,,,,,,,https://www.angular.courses/caniuse/update/migrations/angular/control-flow-migration,,optional migration
Update,document-core,angular,Moves imports of `DOCUMENT` from `@angular/common` to `@angular/core`,,20.0.0,,,,available,,,,,,,https://www.angular.courses/caniuse/update/migrations/angular/document-core,,
Update,inject-flags,angular,Replaces usages of the deprecated InjectFlags enum,,20.0.0,,,,available,,,,,,,https://www.angular.courses/caniuse/update/migrations/angular/inject-flags,,
Update,previous-style-guide,angular-cli,Update workspace generation defaults to maintain previous style guide behavior.,,20.0.0,,,,available,,,,,,,https://www.angular.courses/caniuse/update/migrations/angular-cli/previous-style-guide,,
Update,replace-provide-server-rendering-import,angular-cli,Migrate imports of 'provideServerRendering' from '@angular/platform-server' to '@angular/ssr'.,,20.0.0,,,,available,,,,,,,https://www.angular.courses/caniuse/update/migrations/angular-cli/replace-provide-server-rendering-import,,
Update,replace-provide-server-routing,angular-cli,"Migrate 'provideServerRendering' to use 'withRoutes', and remove 'provideServerRouting' and 'provideServerRoutesConfig' from '@angular/ssr'.",,20.0.0,,,,available,,,,,,,https://www.angular.courses/caniuse/update/migrations/angular-cli/replace-provide-server-routing,,
Update,test-bed-get,angular,Replaces usages of the deprecated TestBed.get method with TestBed.inject,,20.0.0,,,,available,,,,,,,https://www.angular.courses/caniuse/update/migrations/angular/test-bed-get,,
Update,update-module-resolution,angular-cli,"Update 'moduleResolution' to 'bundler' in TypeScript configurations. You can read more about this, here: https://www.typescriptlang.org/tsconfig/#moduleResolution",,20.0.0,,,,available,,,,,,,https://www.angular.courses/caniuse/update/migrations/angular-cli/update-module-resolution,,
Update,explicit-standalone-flag,angular,"Updates non-standalone Directives, Component and Pipes to 'standalone:false' and removes 'standalone:true' from those who are standalone",,19.0.0,,,,,available,,,,,,https://www.angular.courses/caniuse/update/migrations/angular/explicit-standalone-flag,,
Update,pending-tasks,angular,Updates ExperimentalPendingTasks to PendingTasks,,19.0.0,,,,,available,,,,,,https://www.angular.courses/caniuse/update/migrations/angular/pending-tasks,,
Update,provide-initializer,angular,"Replaces `APP_INITIALIZER`, `ENVIRONMENT_INITIALIZER` & `PLATFORM_INITIALIZER` respectively with `provideAppInitializer`, `provideEnvironmentInitializer` & `providePlatformInitializer`.",optional,19.0.0,,,,,optional,,,,,,https://www.angular.courses/caniuse/update/migrations/angular/provide-initializer,,optional migration
Update,update-ssr-imports,angular-cli,Update '@angular/ssr' import paths to use the new '/node' entry point when 'CommonEngine' is detected.,,19.0.0,,,,,available,,,,,,https://www.angular.courses/caniuse/update/migrations/angular-cli/update-ssr-imports,,
Update,after-render-phase,angular,Updates calls to afterRender with an explicit phase to the new API,,18.1.0,,,,,,available,,,,,https://www.angular.courses/caniuse/update/migrations/angular/after-render-phase,,
Update,http-providers,angular,Replace deprecated HTTP related modules with provider functions,,18.0.0,,,,,,available,,,,,https://www.angular.courses/caniuse/update/migrations/angular/http-providers,,
Update,use-application-builder,angular-cli,Migrate application projects using '@angular-devkit/build-angular:browser' and '@angular-devkit/build-angular:browser-esbuild' to use the '@angular-devkit/build-angular:application' builder. Read more about this here: https://angular.dev/tools/cli/esbuild#using-the-application-builder,optional,18.0.0,,,,,,optional,,,,,https://www.angular.courses/caniuse/update/migrations/angular-cli/use-application-builder,,optional migration
Update,invalid-two-way-bindings,angular,Updates two-way bindings that have an invalid expression to use the longform expression instead.,,17.3.0,,,,,,,available,,,,https://www.angular.courses/caniuse/update/migrations/angular/invalid-two-way-bindings,,
Update,add-browser-sync-dependency,angular-cli,"Add 'browser-sync' as dev dependency when '@angular-devkit/build-angular:ssr-dev-server' is used, as it is no longer a direct dependency of '@angular-devkit/build-angular'.",,17.1.0,,,,,,,available,,,,https://www.angular.courses/caniuse/update/migrations/angular-cli/add-browser-sync-dependency,,
Update,block-template-entities,angular,Angular v17 introduces a new control flow syntax that uses the @ and } characters. This migration replaces the existing usages with their corresponding HTML entities.,,17.0.0,,,,,,,available,,,,https://www.angular.courses/caniuse/update/migrations/angular/block-template-entities,,
Update,compiler-options,angular,CompilerOption.useJit and CompilerOption.missingTranslation are unused under Ivy. This migration removes their usage,,17.0.0,,,,,,,available,,,,https://www.angular.courses/caniuse/update/migrations/angular/compiler-options,,
Update,replace-nguniversal-builders,angular-cli,Replace usages of '@nguniversal/builders' with '@angular-devkit/build-angular'.,,17.0.0,,,,,,,available,,,,https://www.angular.courses/caniuse/update/migrations/angular-cli/replace-nguniversal-builders,,
Update,replace-nguniversal-engines,angular-cli,Replace usages of '@nguniversal/' packages with '@angular/ssr'.,,17.0.0,,,,,,,available,,,,https://www.angular.courses/caniuse/update/migrations/angular-cli/replace-nguniversal-engines,,
Update,transfer-state,angular,"Updates `TransferState`, `makeStateKey`, `StateKey` imports from `@angular/platform-browser` to `@angular/core`.",,17.0.0,,,,,,,available,,,,https://www.angular.courses/caniuse/update/migrations/angular/transfer-state,,
Update,guard-and-resolve-interfaces,angular,"In Angular version 15.2, the guard and resolver interfaces (CanActivate, Resolve, etc) were deprecated. This migration removes imports and 'implements' clauses that contain them.",,16.0.0,,,,,,,,available,,,https://www.angular.courses/caniuse/update/migrations/angular/guard-and-resolve-interfaces,,
Update,remove-module-id,angular,"As of Angular v16, the `moduleId` property of `@Component` is deprecated as it no longer has any effect.",,16.0.0,,,,,,,,available,,,https://www.angular.courses/caniuse/update/migrations/angular/remove-module-id,,
Update,update-server-builder-config,angular-cli,Update the '@angular-devkit/build-angular:server' builder configuration to disable 'buildOptimizer' for non optimized builds.,,16.0.0,,,,,,,,available,,,https://www.angular.courses/caniuse/update/migrations/angular-cli/update-server-builder-config,,
Update,relative-link-resolution,angular,"In Angular version 15, the deprecated `relativeLinkResolution` config parameter of the Router is removed. This migration removes all `relativeLinkResolution` fields from the Router config objects.",,15.0.0,,,,,,,,,available,,https://www.angular.courses/caniuse/update/migrations/angular/relative-link-resolution,,
Update,remove-browserslist-config,angular-cli,Remove Browserslist configuration files that matches the Angular CLI default configuration.,,15.0.0,,,,,,,,,available,,https://www.angular.courses/caniuse/update/migrations/angular-cli/remove-browserslist-config,,
Update,remove-platform-server-exports,angular-cli,Remove exported `@angular/platform-server` `renderModule` method. The `renderModule` method is now exported by the Angular CLI.,,15.0.0,,,,,,,,,available,,https://www.angular.courses/caniuse/update/migrations/angular-cli/remove-platform-server-exports,,
Update,router-link-with-href,angular,"Since Angular v15, the `RouterLink` contains the logic of the `RouterLinkWithHref` directive. This migration replaces all `RouterLinkWithHref` references with `RouterLink`.",,15.0.0,,,,,,,,,available,,https://www.angular.courses/caniuse/update/migrations/angular/router-link-with-href,,
Update,update-karma-main-file,angular-cli,Remove no longer needed require calls in Karma builder main file.,,15.0.0,,,,,,,,,available,,https://www.angular.courses/caniuse/update/migrations/angular-cli/update-karma-main-file,,
Update,update-typescript-target,angular-cli,Update TypeScript compiler `target` and set `useDefineForClassFields`. These changes are for IDE purposes as TypeScript compiler options `target` and `useDefineForClassFields` are set to `ES2022` and `false` respectively by the Angular CLI. To control ECMA version and features use the Browerslist configuration.,,15.0.0,,,,,,,,,available,,https://www.angular.courses/caniuse/update/migrations/angular-cli/update-typescript-target,,
Update,update-workspace-config,angular-cli,Remove options from 'angular.json' that are no longer supported by the official builders.,,15.0.0,,,,,,,,,available,,https://www.angular.courses/caniuse/update/migrations/angular-cli/update-workspace-config,,
Update,path-match-type,angular,"In Angular version 14, the `pathMatch` property of `Routes` was updated to be a strict union of the two valid options: `'full'|'prefix'`. `Routes` and `Route` variables need an explicit type so TypeScript does not infer the property as the looser `string`.",,14.0.0,,,,,,,,,,available,https://www.angular.courses/caniuse/update/migrations/angular/path-match-type,,
Update,remove-default-project-option,angular-cli,Remove 'defaultProject' option from workspace configuration. The project to use will be determined from the current working directory.,,14.0.0,,,,,,,,,,available,https://www.angular.courses/caniuse/update/migrations/angular-cli/remove-default-project-option,,
Update,remove-show-circular-dependencies-option,angular-cli,Remove 'showCircularDependencies' option from browser and server builders.,,14.0.0,,,,,,,,,,available,https://www.angular.courses/caniuse/update/migrations/angular-cli/remove-show-circular-dependencies-option,,
Update,replace-default-collection-option,angular-cli,Replace 'defaultCollection' option in workspace configuration with 'schematicCollections'.,,14.0.0,,,,,,,,,,available,https://www.angular.courses/caniuse/update/migrations/angular-cli/replace-default-collection-option,,
Update,typed-forms,angular,"As of Angular version 14, Forms model classes accept a type parameter, and existing usages must be opted out to preserve backwards-compatibility.",,14.0.0,,,,,,,,,,available,https://www.angular.courses/caniuse/update/migrations/angular/typed-forms,,
Update,update-angular-packages-version-prefix,angular-cli,Update Angular packages 'dependencies' and 'devDependencies' version prefix to '^' instead of '~'.,,14.0.0,,,,,,,,,,available,https://www.angular.courses/caniuse/update/migrations/angular-cli/update-angular-packages-version-prefix,,
Update,update-libraries-secondary-entrypoints,angular-cli,Remove 'package.json' files from library projects secondary entrypoints.,,14.0.0,,,,,,,,,,available,https://www.angular.courses/caniuse/update/migrations/angular-cli/update-libraries-secondary-entrypoints,,
Update,update-tsconfig-target,angular-cli,Update TypeScript compilation target to 'ES2020'.,,14.0.0,,,,,,,,,,available,https://www.angular.courses/caniuse/update/migrations/angular-cli/update-tsconfig-target,,
Update,entry-components,angular,"As of Angular version 13, `entryComponents` are no longer necessary.",,13.1.0,,,,,,,,,,,https://www.angular.courses/caniuse/update/migrations/angular/entry-components,,
Update,drop-ie-polyfills,angular-cli,Remove polyfills required only for Internet Explorer which is no longer supported.,,13.0.0,,,,,,,,,,,https://www.angular.courses/caniuse/update/migrations/angular-cli/drop-ie-polyfills,,
Update,router-link-empty-expression,angular,"Migrates `[routerLink]=""""` in templates to `[routerLink]=""[]""` because these links are likely intended to route to the current page with updated fragment/query params.",,13.0.0,,,,,,,,,,,https://www.angular.courses/caniuse/update/migrations/angular/router-link-empty-expression,,
Update,schematic-options-13,angular-cli,Remove no longer valid Angular schematic options from `angular.json`.,,13.0.0,,,,,,,,,,,https://www.angular.courses/caniuse/update/migrations/angular-cli/schematic-options-13,,
Update,testbed-teardown,angular,"In Angular version 13, the `teardown` flag in `TestBed` will be enabled by default. This migration automatically opts out existing apps from the new teardown behavior.",,13.0.0,,,,,,,,,,,https://www.angular.courses/caniuse/update/migrations/angular/testbed-teardown,,
Update,update-angular-config-v13,angular-cli,Remove deprecated options from 'angular.json' that are no longer present in v13.,,13.0.0,,,,,,,,,,,https://www.angular.courses/caniuse/update/migrations/angular-cli/update-angular-config-v13,,
Update,update-gitignore,angular-cli,Updating '.gitignore' to include '.angular/cache'.,,13.0.0,,,,,,,,,,,https://www.angular.courses/caniuse/update/migrations/angular-cli/update-gitignore,,
Update,update-libraries-v13,angular-cli,Update library projects to be published in partial mode and removed deprecated options from ng-packagr configuration.,,13.0.0,,,,,,,,,,,https://www.angular.courses/caniuse/update/migrations/angular-cli/update-libraries-v13,,
Update,replace-deprecated-prod-flag,angular-cli,Replace the deprecated '--prod' in package.json scripts.,,12.1.0,,,,,,,,,,,https://www.angular.courses/caniuse/update/migrations/angular-cli/replace-deprecated-prod-flag,,
Update,deep-shadow-piercing-selector,angular,Automatically migrates shadow-piercing selector from `/deep/` to the recommanded alternative `::ng-deep`.,,12.0.2,,,,,,,,,,,https://www.angular.courses/caniuse/update/migrations/angular/deep-shadow-piercing-selector,,
Update,schematic-options-12,angular-cli,Remove invalid 'skipTests' option in '@schematics/angular:module' Angular schematic options.,,12.0.1,,,,,,,,,,,https://www.angular.courses/caniuse/update/migrations/angular-cli/schematic-options-12,,
Update,activated-route-snapshot-fragment,angular,"In Angular version 12, the type of ActivatedRouteSnapshot.fragment is nullable. This migration automatically adds non-null assertions to it.",,12.0.0,,,,,,,,,,,https://www.angular.courses/caniuse/update/migrations/angular/activated-route-snapshot-fragment,,
Update,lazy-loading-string-syntax,angular-cli,Lazy loading syntax migration. Update lazy loading string syntax to use dynamic imports.,,12.0.0,,,,,,,,,,,https://www.angular.courses/caniuse/update/migrations/angular-cli/lazy-loading-string-syntax,,
Update,remove-deprecated-i18n-options,angular-cli,Remove deprecated ViewEngine-based i18n build and extract options. Options present in the configuration will be converted to use non-deprecated options.,,12.0.0,,,,,,,,,,,https://www.angular.courses/caniuse/update/migrations/angular-cli/remove-deprecated-i18n-options,,
Update,remove-emit-decorator-metadata,angular-cli,Remove 'emitDecoratorMetadata' TypeScript compiler option. Decorator metadata is no longer needed by Angular. Read more about this here: https://www.typescriptlang.org/docs/handbook/decorators.html#metadata,,12.0.0,,,,,,,,,,,https://www.angular.courses/caniuse/update/migrations/angular-cli/remove-emit-decorator-metadata,,
Update,update-angular-config-v12,angular-cli,Remove deprecated options from 'angular.json' that are no longer present in v12.,,12.0.0,,,,,,,,,,,https://www.angular.courses/caniuse/update/migrations/angular-cli/update-angular-config-v12,,
Update,update-web-workers-webpack-5,angular-cli,Updates Web Worker consumer usage to use the new syntax supported directly by Webpack 5.,,12.0.0,,,,,,,,,,,https://www.angular.courses/caniuse/update/migrations/angular-cli/update-web-workers-webpack-5,,
Update,update-zonejs,angular-cli,Update 'zone.js' to version 0.11.x. Read more about this here: https://github.com/angular/angular/blob/master/packages/zone.js/CHANGELOG.md#breaking-changes-since-zonejs-v0111,,12.0.0,,,,,,,,,,,https://www.angular.courses/caniuse/update/migrations/angular-cli/update-zonejs,,
Update,xhr-factory,angular,`XhrFactory` has been moved from `@angular/common/http` to `@angular/common`.,,12.0.0,,,,,,,,,,,https://www.angular.courses/caniuse/update/migrations/angular/xhr-factory,,
Update,can-activate-with-redirect-to,angular,Removes `canActivate` from a `Route` config when `redirectTo` is also present,,11.1.0,,,,,,,,,,,https://www.angular.courses/caniuse/update/migrations/angular/can-activate-with-redirect-to,,
Update,abstract-control-parent,angular,"In Angular version 11, the type of `AbstractControl.parent` can be `null` to reflect the runtime value more accurately. This migration automatically adds non-null assertions to existing accesses of the `parent` property on types like `FormControl`, `FormArray` and `FormGroup`.",,11.0.0,,,,,,,,,,,https://www.angular.courses/caniuse/update/migrations/angular/abstract-control-parent,,
Update,add-declaration-map-compiler-option,angular-cli,Add 'declarationMap' compiler options for non production library builds.,,11.0.0,,,,,,,,,,,https://www.angular.courses/caniuse/update/migrations/angular-cli/add-declaration-map-compiler-option,,
Update,native-view-encapsulation,angular,ViewEncapsulation.Native has been removed as of Angular version 11. This migration replaces any usages with ViewEncapsulation.ShadowDom.,,11.0.0,,,,,,,,,,,https://www.angular.courses/caniuse/update/migrations/angular/native-view-encapsulation,,
Update,navigation-extras-omissions,angular,"NavigationExtras omissions migration. In version 11, some unsupported properties were omitted from the `extras` parameter of the `Router.navigateByUrl` and `Router.createUrlTree` methods.",,11.0.0,,,,,,,,,,,https://www.angular.courses/caniuse/update/migrations/angular/navigation-extras-omissions,,
Update,replace-ng-packagr-builder,angular-cli,Replace deprecated library builder '@angular-devkit/build-ng-packagr'.,,11.0.0,,,,,,,,,,,https://www.angular.courses/caniuse/update/migrations/angular-cli/replace-ng-packagr-builder,,
Update,router-initial-navigation-options,angular,Updates the `initialNavigation` property for `RouterModule.forRoot`.,,11.0.0,,,,,,,,,,,https://www.angular.courses/caniuse/update/migrations/angular/router-initial-navigation-options,,
Update,router-preserve-query-params,angular,NavigationExtras.preserveQueryParams has been removed as of Angular version 11. This migration replaces any usages with the appropriate assignment of the queryParamsHandler key.,,11.0.0,,,,,,,,,,,https://www.angular.courses/caniuse/update/migrations/angular/router-preserve-query-params,,
Update,router-relative-link-resolution-default,angular,The default value for `relativeLinkResolution` is changing from 'legacy' to 'corrected'. This migration updates `RouterModule` configurations that use the default value to now specifically use 'legacy' to prevent breakages when updating.,,11.0.0,,,,,,,,,,,https://www.angular.courses/caniuse/update/migrations/angular/router-relative-link-resolution-default,,
Update,update-angular-config-v11,angular-cli,Remove deprecated options from 'angular.json' that are no longer present in v11.,,11.0.0,,,,,,,,,,,https://www.angular.courses/caniuse/update/migrations/angular-cli/update-angular-config-v11,,
Update,update-workspace-dependencies-v11,angular-cli,Update workspace dependencies to match a new v11 project.,,11.0.0,,,,,,,,,,,https://www.angular.courses/caniuse/update/migrations/angular-cli/update-workspace-dependencies-v11,,
Update,wait-for-async,angular,`async` to `waitForAsync` migration. The `async` testing function has been renamed to `waitForAsync` to avoid confusion with the native `async` keyword.,,11.0.0,,,,,,,,,,,https://www.angular.courses/caniuse/update/migrations/angular/wait-for-async,,
Update,remove-solution-style-tsconfig,angular-cli,"Removing ""Solution Style"" TypeScript configuration file support.",,10.1.0,,,,,,,,,,,https://www.angular.courses/caniuse/update/migrations/angular-cli/remove-solution-style-tsconfig,,
Update,update-module-and-target-compiler-options,angular-cli,Update 'module' and 'target' TypeScript compiler options. Read more about this here: https://v10.angular.io/guide/migration-update-module-and-target-compiler-options,,10.0.1,,,,,,,,,,,https://www.angular.courses/caniuse/update/migrations/angular-cli/update-module-and-target-compiler-options,,
Update,remove-es5-browser-support-option,angular-cli,Remove deprecated 'es5BrowserSupport' browser builder option. The inclusion for ES5 polyfills will be determined from the browsers listed in the browserslist configuration.,,10.0.0,,,,,,,,,,,https://www.angular.courses/caniuse/update/migrations/angular-cli/remove-es5-browser-support-option,,
Update,rename-browserslist-config,angular-cli,Update Browserslist configuration file name to '.browserslistrc' from deprecated 'browserslist'.,,10.0.0,,,,,,,,,,,https://www.angular.courses/caniuse/update/migrations/angular-cli/rename-browserslist-config,,
Update,schematic-options-10,angular-cli,"Replace deprecated and removed 'styleext' and 'spec' Angular schematic options with 'style' and 'skipTests', respectively.",,10.0.0,,,,,,,,,,,https://www.angular.courses/caniuse/update/migrations/angular-cli/schematic-options-10,,
Update,tslint-add-deprecation-rule,angular-cli,Add the tslint deprecation rule to tslint JSON configuration files.,,10.0.0,,,,,,,,,,,https://www.angular.courses/caniuse/update/migrations/angular-cli/tslint-add-deprecation-rule,,
Update,tslint-version-6,angular-cli,Update tslint to version 6 and adjust rules to maintain existing behavior.,,10.0.0,,,,,,,,,,,https://www.angular.courses/caniuse/update/migrations/angular-cli/tslint-version-6,,
Update,update-angular-config,angular-cli,Remove deprecated options from 'angular.json' that are no longer present in v10.,,10.0.0,,,,,,,,,,,https://www.angular.courses/caniuse/update/migrations/angular-cli/update-angular-config,,
Update,update-libraries-tslib,angular-cli,Update library projects to use tslib version 2 as a direct dependency. Read more about this here: https://v10.angular.io/guide/migration-update-libraries-tslib,,10.0.0,,,,,,,,,,,https://www.angular.courses/caniuse/update/migrations/angular-cli/update-libraries-tslib,,
Update,update-workspace-dependencies,angular-cli,Update workspace dependencies to match a new v10 project.,,10.0.0,,,,,,,,,,,https://www.angular.courses/caniuse/update/migrations/angular-cli/update-workspace-dependencies,,
Update,schematic-options-9,angular-cli,Replace deprecated 'styleext' and 'spec' Angular schematic options.,,9.0.2,,,,,,,,,,,https://www.angular.courses/caniuse/update/migrations/angular-cli/schematic-options-9,,
Update,dynamic-queries,angular,"Static flag migration. Removes the `static` flag from dynamic queries. As of Angular 9, the ""static"" flag defaults to false and is no longer required for your view and content queries. Read more about this here: https://v9.angular.io/guide/migration-dynamic-flag",,9.0.0,,,,,,,,,,,https://www.angular.courses/caniuse/update/migrations/angular/dynamic-queries,,
Update,lazy-loading-syntax,angular-cli,Lazy loading syntax migration. Update lazy loading syntax to use dynamic imports.,,9.0.0,,,,,,,,,,,https://www.angular.courses/caniuse/update/migrations/angular-cli/lazy-loading-syntax,,
Update,missing-injectable,angular,"Missing @Injectable and incomplete provider definition migration. In Angular 9, enforcement of @Injectable decorators for DI is a bit stricter and incomplete provider definitions behave differently. Read more about this here: https://v9.angular.io/guide/migration-injectable",,9.0.0,,,,,,,,,,,https://www.angular.courses/caniuse/update/migrations/angular/missing-injectable,,
Update,module-with-providers,angular,"ModuleWithProviders migration. In Angular 9, the ModuleWithProviders type without a generic has been deprecated. This migration adds the generic where it is missing. Read more about this here: https://v9.angular.io/guide/migration-module-with-providers",,9.0.0,,,,,,,,,,,https://www.angular.courses/caniuse/update/migrations/angular/module-with-providers,,
Update,renderer-to-renderer2,angular,Migrates usages of Renderer to Renderer2,,9.0.0,,,,,,,,,,,https://www.angular.courses/caniuse/update/migrations/angular/renderer-to-renderer2,,
Update,undecorated-classes-with-decorated-fields,angular,"Undecorated classes with decorated fields migration. As of Angular 9, it is no longer supported to have Angular field decorators on a class that does not have an Angular decorator. Read more about this here: https://v9.angular.io/guide/migration-undecorated-classes",,9.0.0,,,,,,,,,,,https://www.angular.courses/caniuse/update/migrations/angular/undecorated-classes-with-decorated-fields,,
Update,undecorated-classes-with-di,angular,"Undecorated classes with DI migration. As of Angular 9, it is no longer supported to use Angular DI on a class that does not have an Angular decorator. Read more about this here: https://v9.angular.io/guide/migration-undecorated-classes",,9.0.0,,,,,,,,,,,https://www.angular.courses/caniuse/update/migrations/angular/undecorated-classes-with-di,,
Update,workspace-version-9,angular-cli,Angular Workspace migration. Update an Angular CLI workspace to version 9.,,9.0.0,,,,,,,,,,,https://www.angular.courses/caniuse/update/migrations/angular-cli/workspace-version-9,,
Update,move-document,angular,Migrates DOCUMENT Injection token from platform-browser imports to common import,,8.0.0,,,,,,,,,,,https://www.angular.courses/caniuse/update/migrations/angular/move-document,,
Update,static-queries,angular,Migrates ViewChild and ContentChild to explicit query timing,,8.0.0,,,,,,,,,,,https://www.angular.courses/caniuse/update/migrations/angular/static-queries,,
Update,template-local-variables,angular,Warns developers if values are assigned to template variables,,8.0.0,,,,,,,,,,,https://www.angular.courses/caniuse/update/migrations/angular/template-local-variables,,
Update,production-by-default,angular-cli,Optional migration to update Angular CLI workspace configurations to 'production' mode by default.,,,,,,,,,,,,,https://www.angular.courses/caniuse/update/migrations/angular-cli/production-by-default,,
MCP,ai_tutor,tool,"Acts as a RAG (Retrieval-Augmented Generation) source, effectively reprogramming the assistant to become a specialized Angular tutor by providing it with a new core identity and knowledge base.",stable,21,,stable,stable,not_available,,,,,,,https://www.angular.courses/caniuse?tab=mcp,,No per-item link exposed in rendered row; source tab URL recorded.
MCP,get_best_practices,tool,Retrieves the official Angular Best Practices Guide.,stable,20.2,,stable,stable,stable,,,,,,,https://www.angular.courses/caniuse?tab=mcp,,No per-item link exposed in rendered row; source tab URL recorded.
MCP,search_documentation,tool,concise and specific search query for the Angular documentation.,stable,20.2,,stable,stable,stable,,,,,,,https://www.angular.courses/caniuse?tab=mcp,,No per-item link exposed in rendered row; source tab URL recorded.
MCP,find_examples,tool,Provides Angular code examples to improve the generated code quality output.,stable,20.2,,stable,stable,experimental,,,,,,,https://www.angular.courses/caniuse?tab=mcp,,No per-item link exposed in rendered row; source tab URL recorded.
MCP,list_projects,tool,Provides a comprehensive overview of all Angular workspaces and projects within the repository.,stable,20.1,,stable,stable,stable,,,,,,,https://www.angular.courses/caniuse?tab=mcp,,No per-item link exposed in rendered row; source tab URL recorded.
MCP,modernize,tool,Provides instructions and commands for modernizing Angular code to align with the latest best practices and syntax.,experimental,20.2,,experimental,experimental,experimental,,,,,,,https://www.angular.courses/caniuse?tab=mcp,,No per-item link exposed in rendered row; source tab URL recorded.
MCP,onpush-zoneless-migration,tool,"Analyzes Angular code and provides a step-by-step, iterative plan to migrate it to OnPush change detection, a prerequisite for a zoneless application.",stable,20.3,,stable,stable,experimental,,,,,,,https://www.angular.courses/caniuse?tab=mcp,,No per-item link exposed in rendered row; source tab URL recorded.
MCP,instructions,resource,Comprehensive guide detailing Angular's best practices for code generation and development.,stable,20.1,,stable,stable,stable,,,,,,,https://www.angular.courses/caniuse?tab=mcp,,No per-item link exposed in rendered row; source tab URL recorded.
MCP,test,tool,"Perform a one-off, non-watched unit test execution with ng test.",experimental,21.1,,experimental,experimental,not_available,,,,,,,https://www.angular.courses/caniuse?tab=mcp,,No per-item link exposed in rendered row; source tab URL recorded.
MCP,e2e,tool,Perform an end-to-end test with ng e2e.,experimental,21.1,,experimental,experimental,not_available,,,,,,,https://www.angular.courses/caniuse?tab=mcp,,No per-item link exposed in rendered row; source tab URL recorded.
MCP,build,tool,"Perform a one-off, non-watched build using ""ng build"".",experimental,21.1,,experimental,experimental,not_available,,,,,,,https://www.angular.courses/caniuse?tab=mcp,,No per-item link exposed in rendered row; source tab URL recorded.
MCP,devserver.start,tool,"Starts the Angular development server (""ng serve"") as a background process.",experimental,21.1,,experimental,experimental,not_available,,,,,,,https://www.angular.courses/caniuse?tab=mcp,,No per-item link exposed in rendered row; source tab URL recorded.
MCP,devserver.stop,tool,"Stops a running Angular development server (""ng serve"") that was started with the ""start_devserver"" tool.",experimental,21.1,,experimental,experimental,not_available,,,,,,,https://www.angular.courses/caniuse?tab=mcp,,No per-item link exposed in rendered row; source tab URL recorded.
MCP,devserver.wait_for_build,tool,"Waits for a dev server that was started with the ""start_devserver"" tool to complete its build.",experimental,21.1,,experimental,experimental,not_available,,,,,,,https://www.angular.courses/caniuse?tab=mcp,,No per-item link exposed in rendered row; source tab URL recorded.
ESLint,contextual-lifecycle,angular-eslint/eslint-plugin,Ensures that lifecycle methods are used in a correct context,,1.0.0,,,,,,,,,,,https://www.angular.courses/caniuse?tab=eslint,https://github.com/angular-eslint/angular-eslint/blob/main/packages/eslint-plugin/docs/rules/contextual-lifecycle.md,
ESLint,no-async-lifecycle-method,angular-eslint/eslint-plugin,Angular Lifecycle methods should not be async. Angular does not wait for async lifecycle but the code incorrectly suggests it does.,,17.2.0,,,,,,,available,,,,https://www.angular.courses/caniuse?tab=eslint,https://github.com/angular-eslint/angular-eslint/blob/main/packages/eslint-plugin/docs/rules/no-async-lifecycle-method.md,
ESLint,no-attribute-decorator,angular-eslint/eslint-plugin,"The @Attribute decorator is used to obtain a single value for an attribute. This is a much less common use case than getting a stream of values (using @Input), so the @Attribute decorator is often mistakenly used when @Input is intended. This rule disallows the usage of @Attribute decorator entirely to prevent these mistakes.",,1.0.0,,,,,,,,,,,https://www.angular.courses/caniuse?tab=eslint,https://github.com/angular-eslint/angular-eslint/blob/main/packages/eslint-plugin/docs/rules/no-attribute-decorator.md,
ESLint,no-developer-preview,angular-eslint/eslint-plugin,Disallow using code which is marked as developer preview,,20.1.0,,,,available,,,,,,,https://www.angular.courses/caniuse?tab=eslint,https://github.com/angular-eslint/angular-eslint/blob/main/packages/eslint-plugin/docs/rules/no-developer-preview.md,
ESLint,no-experimental,angular-eslint/eslint-plugin,Disallow using code which is marked as experimental,,20.1.0,,,,available,,,,,,,https://www.angular.courses/caniuse?tab=eslint,https://github.com/angular-eslint/angular-eslint/blob/main/packages/eslint-plugin/docs/rules/no-experimental.md,
ESLint,require-lifecycle-on-prototype,angular-eslint/eslint-plugin,Ensures that lifecycle methods are defined on the object's prototype instead of on an instance.,,19.2.0,,,,,available,,,,,,https://www.angular.courses/caniuse?tab=eslint,https://github.com/angular-eslint/angular-eslint/blob/main/packages/eslint-plugin/docs/rules/require-lifecycle-on-prototype.md,
ESLint,sort-lifecycle-methods,angular-eslint/eslint-plugin,Ensures that lifecycle methods are declared in order of execution,,16.2.0,,,,,,,,available,,,https://www.angular.courses/caniuse?tab=eslint,https://github.com/angular-eslint/angular-eslint/blob/main/packages/eslint-plugin/docs/rules/sort-lifecycle-methods.md,
ESLint,component-class-suffix,angular-eslint/eslint-plugin,"Classes decorated with @Component must have suffix ""Component"" (or custom) in their name. Note: As of v20, this is no longer recommended by the Angular Team.",,1.0.0,,,,,,,,,,,https://www.angular.courses/caniuse?tab=eslint,https://github.com/angular-eslint/angular-eslint/blob/main/packages/eslint-plugin/docs/rules/component-class-suffix.md,
ESLint,component-max-inline-declarations,angular-eslint/eslint-plugin,"Enforces a maximum number of lines in inline template, styles and animations.",,1.0.0,,,,,,,,,,,https://www.angular.courses/caniuse?tab=eslint,https://github.com/angular-eslint/angular-eslint/blob/main/packages/eslint-plugin/docs/rules/component-max-inline-declarations.md,
ESLint,component-selector,angular-eslint/eslint-plugin,Component selectors should follow given naming rules. See more at https://angular.dev/style-guide#choosing-component-selectors.,,1.0.0,,,,,,,,,,,https://www.angular.courses/caniuse?tab=eslint,https://github.com/angular-eslint/angular-eslint/blob/main/packages/eslint-plugin/docs/rules/component-selector.md,
ESLint,consistent-component-styles,angular-eslint/eslint-plugin,Ensures consistent usage of `styles` / `styleUrls` / `styleUrl` within Component metadata,,17.3.0,,,,,,,available,,,,https://www.angular.courses/caniuse?tab=eslint,https://github.com/angular-eslint/angular-eslint/blob/main/packages/eslint-plugin/docs/rules/consistent-component-styles.md,
ESLint,contextual-decorator,angular-eslint/eslint-plugin,Ensures that classes use contextual decorators in their body,,1.0.0,,,,,,,,,,,https://www.angular.courses/caniuse?tab=eslint,https://github.com/angular-eslint/angular-eslint/blob/main/packages/eslint-plugin/docs/rules/contextual-decorator.md,
ESLint,directive-class-suffix,angular-eslint/eslint-plugin,"Classes decorated with @Directive must have suffix ""Directive"" (or custom) in their name. Note: As of v20, this is no longer recommended by the Angular Team.",,1.0.0,,,,,,,,,,,https://www.angular.courses/caniuse?tab=eslint,https://github.com/angular-eslint/angular-eslint/blob/main/packages/eslint-plugin/docs/rules/directive-class-suffix.md,
ESLint,directive-selector,angular-eslint/eslint-plugin,Directive selectors should follow given naming rules. See more at https://angular.dev/style-guide#choosing-directive-selectors.,,1.0.0,,,,,,,,,,,https://www.angular.courses/caniuse?tab=eslint,https://github.com/angular-eslint/angular-eslint/blob/main/packages/eslint-plugin/docs/rules/directive-selector.md,
ESLint,no-conflicting-lifecycle,angular-eslint/eslint-plugin,Ensures that directives do not implement conflicting lifecycle interfaces.,,1.0.0,,,,,,,,,,,https://www.angular.courses/caniuse?tab=eslint,https://github.com/angular-eslint/angular-eslint/blob/main/packages/eslint-plugin/docs/rules/no-conflicting-lifecycle.md,
ESLint,no-duplicates-in-metadata-arrays,angular-eslint/eslint-plugin,Ensures that metadata arrays do not contain duplicate entries.,,17.4.0,,,,,,,available,,,,https://www.angular.courses/caniuse?tab=eslint,https://github.com/angular-eslint/angular-eslint/blob/main/packages/eslint-plugin/docs/rules/no-duplicates-in-metadata-arrays.md,
ESLint,no-empty-lifecycle-method,angular-eslint/eslint-plugin,Disallows declaring empty lifecycle methods,,1.0.0,,,,,,,,,,,https://www.angular.courses/caniuse?tab=eslint,https://github.com/angular-eslint/angular-eslint/blob/main/packages/eslint-plugin/docs/rules/no-empty-lifecycle-method.md,
ESLint,no-forward-ref,angular-eslint/eslint-plugin,Disallows usage of `forwardRef` references for DI,,1.0.0,,,,,,,,,,,https://www.angular.courses/caniuse?tab=eslint,https://github.com/angular-eslint/angular-eslint/blob/main/packages/eslint-plugin/docs/rules/no-forward-ref.md,
ESLint,no-input-prefix,angular-eslint/eslint-plugin,"Ensures that input bindings, including aliases, are not named or prefixed by the configured disallowed prefixes",,1.0.0,,,,,,,,,,,https://www.angular.courses/caniuse?tab=eslint,https://github.com/angular-eslint/angular-eslint/blob/main/packages/eslint-plugin/docs/rules/no-input-prefix.md,
ESLint,no-input-rename,angular-eslint/eslint-plugin,Ensures that input bindings are not aliased,,1.0.0,,,,,,,,,,,https://www.angular.courses/caniuse?tab=eslint,https://github.com/angular-eslint/angular-eslint/blob/main/packages/eslint-plugin/docs/rules/no-input-rename.md,
ESLint,no-inputs-metadata-property,angular-eslint/eslint-plugin,Disallows usage of the `inputs` metadata property.,,1.0.0,,,,,,,,,,,https://www.angular.courses/caniuse?tab=eslint,https://github.com/angular-eslint/angular-eslint/blob/main/packages/eslint-plugin/docs/rules/no-inputs-metadata-property.md,
ESLint,no-lifecycle-call,angular-eslint/eslint-plugin,Disallows explicit calls to lifecycle methods.,,1.0.0,,,,,,,,,,,https://www.angular.courses/caniuse?tab=eslint,https://github.com/angular-eslint/angular-eslint/blob/main/packages/eslint-plugin/docs/rules/no-lifecycle-call.md,
ESLint,no-output-native,angular-eslint/eslint-plugin,"Ensures that output bindings, including aliases, are not named as standard DOM events.",,1.0.0,,,,,,,,,,,https://www.angular.courses/caniuse?tab=eslint,https://github.com/angular-eslint/angular-eslint/blob/main/packages/eslint-plugin/docs/rules/no-output-native.md,
ESLint,no-output-on-prefix,angular-eslint/eslint-plugin,"Ensures that output bindings, including aliases, are not named ""on"", nor prefixed with it. See more at https://angular.dev/guide/components/outputs#choosing-event-names.",,1.0.0,,,,,,,,,,,https://www.angular.courses/caniuse?tab=eslint,https://github.com/angular-eslint/angular-eslint/blob/main/packages/eslint-plugin/docs/rules/no-output-on-prefix.md,
ESLint,no-output-rename,angular-eslint/eslint-plugin,Ensures that output bindings are not aliased,,1.0.0,,,,,,,,,,,https://www.angular.courses/caniuse?tab=eslint,https://github.com/angular-eslint/angular-eslint/blob/main/packages/eslint-plugin/docs/rules/no-output-rename.md,
ESLint,no-outputs-metadata-property,angular-eslint/eslint-plugin,Disallows usage of the `outputs` metadata property.,,1.0.0,,,,,,,,,,,https://www.angular.courses/caniuse?tab=eslint,https://github.com/angular-eslint/angular-eslint/blob/main/packages/eslint-plugin/docs/rules/no-outputs-metadata-property.md,
ESLint,no-pipe-impure,angular-eslint/eslint-plugin,Disallows the declaration of impure pipes.,,1.0.0,,,,,,,,,,,https://www.angular.courses/caniuse?tab=eslint,https://github.com/angular-eslint/angular-eslint/blob/main/packages/eslint-plugin/docs/rules/no-pipe-impure.md,
ESLint,no-queries-metadata-property,angular-eslint/eslint-plugin,Disallows usage of the `queries` metadata property.,,1.0.0,,,,,,,,,,,https://www.angular.courses/caniuse?tab=eslint,https://github.com/angular-eslint/angular-eslint/blob/main/packages/eslint-plugin/docs/rules/no-queries-metadata-property.md,
ESLint,no-uncalled-signals,angular-eslint/eslint-plugin,"Warns user about unintentionally doing logic on the signal, rather than the signal's value.",,19.7.0,,,,,available,,,,,,https://www.angular.courses/caniuse?tab=eslint,https://github.com/angular-eslint/angular-eslint/blob/main/packages/eslint-plugin/docs/rules/no-uncalled-signals.md,
ESLint,pipe-prefix,angular-eslint/eslint-plugin,Enforce consistent prefix for pipes.,,1.0.0,,,,,,,,,,,https://www.angular.courses/caniuse?tab=eslint,https://github.com/angular-eslint/angular-eslint/blob/main/packages/eslint-plugin/docs/rules/pipe-prefix.md,
ESLint,prefer-host-metadata-property,angular-eslint/eslint-plugin,Use `host` metadata property instead of `@HostBinding` and `HostListener`.,,20.5.0,,,,available,,,,,,,https://www.angular.courses/caniuse?tab=eslint,https://github.com/angular-eslint/angular-eslint/blob/main/packages/eslint-plugin/docs/rules/prefer-host-metadata-property.md,
ESLint,prefer-inject,angular-eslint/eslint-plugin,Prefer using the `inject()` function over constructor parameter injection.,,19.6.0,,,,,available,,,,,,https://www.angular.courses/caniuse?tab=eslint,https://github.com/angular-eslint/angular-eslint/blob/main/packages/eslint-plugin/docs/rules/prefer-inject.md,
ESLint,prefer-on-push-component-change-detection,angular-eslint/eslint-plugin,Ensures component's `changeDetection` is set to `ChangeDetectionStrategy.OnPush`.,,1.0.0,,,,,,,,,,,https://www.angular.courses/caniuse?tab=eslint,https://github.com/angular-eslint/angular-eslint/blob/main/packages/eslint-plugin/docs/rules/prefer-on-push-component-change-detection.md,
ESLint,prefer-output-emitter-ref,angular-eslint/eslint-plugin,Use `OutputEmitterRef` instead of `@Output()`.,,19.4.0,,,,,available,,,,,,https://www.angular.courses/caniuse?tab=eslint,https://github.com/angular-eslint/angular-eslint/blob/main/packages/eslint-plugin/docs/rules/prefer-output-emitter-ref.md,
ESLint,prefer-output-readonly,angular-eslint/eslint-plugin,"Prefer to declare `@Output`, `OutputEmitterRef` and `OutputRef` as `readonly` since they are not supposed to be reassigned.",,1.0.0,,,,,,,,,,,https://www.angular.courses/caniuse?tab=eslint,https://github.com/angular-eslint/angular-eslint/blob/main/packages/eslint-plugin/docs/rules/prefer-output-readonly.md,
ESLint,prefer-signals,angular-eslint/eslint-plugin,"Use `readonly` signals instead of `@Input()`, `@ViewChild()` and other legacy decorators.",,19.0.0,,,,,available,,,,,,https://www.angular.courses/caniuse?tab=eslint,https://github.com/angular-eslint/angular-eslint/blob/main/packages/eslint-plugin/docs/rules/prefer-signals.md,
ESLint,prefer-standalone,angular-eslint/eslint-plugin,"Ensures Components, Directives and Pipes do not opt out of standalone.",,17.3.0,,,,,,,available,,,,https://www.angular.courses/caniuse?tab=eslint,https://github.com/angular-eslint/angular-eslint/blob/main/packages/eslint-plugin/docs/rules/prefer-standalone.md,
ESLint,relative-url-prefix,angular-eslint/eslint-plugin,The ./ and ../ prefix is standard syntax for relative URLs; don't depend on Angular's current ability to do without that prefix.,,1.0.0,,,,,,,,,,,https://www.angular.courses/caniuse?tab=eslint,https://github.com/angular-eslint/angular-eslint/blob/main/packages/eslint-plugin/docs/rules/relative-url-prefix.md,
ESLint,require-localize-metadata,angular-eslint/eslint-plugin,Ensures that $localize tagged messages contain helpful metadata to aid with translations.,,1.0.0,,,,,,,,,,,https://www.angular.courses/caniuse?tab=eslint,https://github.com/angular-eslint/angular-eslint/blob/main/packages/eslint-plugin/docs/rules/require-localize-metadata.md,
ESLint,runtime-localize,angular-eslint/eslint-plugin,Ensures that $localize tagged messages can use runtime-loaded translations.,,18.3.0,,,,,,available,,,,,https://www.angular.courses/caniuse?tab=eslint,https://github.com/angular-eslint/angular-eslint/blob/main/packages/eslint-plugin/docs/rules/runtime-localize.md,
ESLint,sort-keys-in-type-decorator,angular-eslint/eslint-plugin,"Ensures that keys in type decorators (Component, Directive, NgModule, Pipe) are sorted in a consistent order",,19.5.0,,,,,available,,,,,,https://www.angular.courses/caniuse?tab=eslint,https://github.com/angular-eslint/angular-eslint/blob/main/packages/eslint-plugin/docs/rules/sort-keys-in-type-decorator.md,
ESLint,use-component-selector,angular-eslint/eslint-plugin,Component selector must be declared,,1.0.0,,,,,,,,,,,https://www.angular.courses/caniuse?tab=eslint,https://github.com/angular-eslint/angular-eslint/blob/main/packages/eslint-plugin/docs/rules/use-component-selector.md,
ESLint,use-component-view-encapsulation,angular-eslint/eslint-plugin,Disallows using ViewEncapsulation.None,,1.0.0,,,,,,,,,,,https://www.angular.courses/caniuse?tab=eslint,https://github.com/angular-eslint/angular-eslint/blob/main/packages/eslint-plugin/docs/rules/use-component-view-encapsulation.md,
ESLint,use-injectable-provided-in,angular-eslint/eslint-plugin,Using the providedIn property makes Injectables tree-shakable,,1.0.0,,,,,,,,,,,https://www.angular.courses/caniuse?tab=eslint,https://github.com/angular-eslint/angular-eslint/blob/main/packages/eslint-plugin/docs/rules/use-injectable-provided-in.md,
ESLint,use-lifecycle-interface,angular-eslint/eslint-plugin,Ensures that classes implement lifecycle interfaces corresponding to the declared lifecycle methods. See more at https://angular.dev/style-guide#use-lifecycle-hook-interfaces,,1.0.0,,,,,,,,,,,https://www.angular.courses/caniuse?tab=eslint,https://github.com/angular-eslint/angular-eslint/blob/main/packages/eslint-plugin/docs/rules/use-lifecycle-interface.md,
ESLint,use-pipe-transform-interface,angular-eslint/eslint-plugin,Ensures that Pipes implement PipeTransform interface,,1.0.0,,,,,,,,,,,https://www.angular.courses/caniuse?tab=eslint,https://github.com/angular-eslint/angular-eslint/blob/main/packages/eslint-plugin/docs/rules/use-pipe-transform-interface.md,
ESLint,no-duplicate-attributes,angular-eslint/eslint-plugin-template,Ensures that there are no duplicate input properties or output event listeners,,14.2.0,,,,,,,,,,available,https://www.angular.courses/caniuse?tab=eslint,https://github.com/angular-eslint/angular-eslint/blob/main/packages/eslint-plugin-template/docs/rules/no-duplicate-attributes.md,
ESLint,no-nested-tags,angular-eslint/eslint-plugin-template,Denies nesting of and tags.,,19.5.0,,,,,available,,,,,,https://www.angular.courses/caniuse?tab=eslint,https://github.com/angular-eslint/angular-eslint/blob/main/packages/eslint-plugin-template/docs/rules/no-nested-tags.md,
ESLint,alt-text,angular-eslint/eslint-plugin-template,"[Accessibility] Enforces alternate text for elements which require the alt, aria-label, aria-labelledby attributes.",,1.0.0,,,,,,,,,,,https://www.angular.courses/caniuse?tab=eslint,https://github.com/angular-eslint/angular-eslint/blob/main/packages/eslint-plugin-template/docs/rules/alt-text.md,
ESLint,banana-in-box,angular-eslint/eslint-plugin-template,Ensures that the two-way data binding syntax is correct,,1.0.0,,,,,,,,,,,https://www.angular.courses/caniuse?tab=eslint,https://github.com/angular-eslint/angular-eslint/blob/main/packages/eslint-plugin-template/docs/rules/banana-in-box.md,
ESLint,button-has-type,angular-eslint/eslint-plugin-template,Ensures that a button has a valid type specified,,13.5.0,,,,,,,,,,,https://www.angular.courses/caniuse?tab=eslint,https://github.com/angular-eslint/angular-eslint/blob/main/packages/eslint-plugin-template/docs/rules/button-has-type.md,
ESLint,click-events-have-key-events,angular-eslint/eslint-plugin-template,"[Accessibility] Ensures that the click event is accompanied with at least one key event keyup, keydown or keypress.",,1.0.0,,,,,,,,,,,https://www.angular.courses/caniuse?tab=eslint,https://github.com/angular-eslint/angular-eslint/blob/main/packages/eslint-plugin-template/docs/rules/click-events-have-key-events.md,
ESLint,conditional-complexity,angular-eslint/eslint-plugin-template,The conditional complexity should not exceed a rational limit,,1.0.0,,,,,,,,,,,https://www.angular.courses/caniuse?tab=eslint,https://github.com/angular-eslint/angular-eslint/blob/main/packages/eslint-plugin-template/docs/rules/conditional-complexity.md,
ESLint,cyclomatic-complexity,angular-eslint/eslint-plugin-template,Checks cyclomatic complexity against a specified limit. It is a quantitative measure of the number of linearly independent paths through a program's source code,,1.0.0,,,,,,,,,,,https://www.angular.courses/caniuse?tab=eslint,https://github.com/angular-eslint/angular-eslint/blob/main/packages/eslint-plugin-template/docs/rules/cyclomatic-complexity.md,
ESLint,elements-content,angular-eslint/eslint-plugin-template,"[Accessibility] Ensures that the heading, anchor and button elements have content in them",,1.0.0,,,,,,,,,,,https://www.angular.courses/caniuse?tab=eslint,https://github.com/angular-eslint/angular-eslint/blob/main/packages/eslint-plugin-template/docs/rules/elements-content.md,
ESLint,eqeqeq,angular-eslint/eslint-plugin-template,Requires === and !== in place of == and !=,,12.0.0,,,,,,,,,,,https://www.angular.courses/caniuse?tab=eslint,https://github.com/angular-eslint/angular-eslint/blob/main/packages/eslint-plugin-template/docs/rules/eqeqeq.md,
ESLint,i18n,angular-eslint/eslint-plugin-template,"Ensures following best practices for i18n. Checks for missing i18n attributes on elements and attributes containing texts. Can also check for texts without i18n attribute, elements that do not use custom ID (@@) feature and duplicate custom IDs",,1.0.0,,,,,,,,,,,https://www.angular.courses/caniuse?tab=eslint,https://github.com/angular-eslint/angular-eslint/blob/main/packages/eslint-plugin-template/docs/rules/i18n.md,
ESLint,interactive-supports-focus,angular-eslint/eslint-plugin-template,[Accessibility] Ensures that elements with interactive handlers like (click) are focusable.,,14.2.0,,,,,,,,,,available,https://www.angular.courses/caniuse?tab=eslint,https://github.com/angular-eslint/angular-eslint/blob/main/packages/eslint-plugin-template/docs/rules/interactive-supports-focus.md,
ESLint,label-has-associated-control,angular-eslint/eslint-plugin-template,[Accessibility] Ensures that a label element/component is associated with a form element,,4.3.0,,,,,,,,,,,https://www.angular.courses/caniuse?tab=eslint,https://github.com/angular-eslint/angular-eslint/blob/main/packages/eslint-plugin-template/docs/rules/label-has-associated-control.md,
ESLint,mouse-events-have-key-events,angular-eslint/eslint-plugin-template,"[Accessibility] Ensures that the mouse events mouseout and mouseover are accompanied by focus and blur events respectively. Coding for the keyboard is important for users with physical disabilities who cannot use a mouse, AT compatibility, and screenreader users. See more at https://www.w3.org/WAI/WCAG21/Understanding/keyboard",,1.0.0,,,,,,,,,,,https://www.angular.courses/caniuse?tab=eslint,https://github.com/angular-eslint/angular-eslint/blob/main/packages/eslint-plugin-template/docs/rules/mouse-events-have-key-events.md,
ESLint,no-any,angular-eslint/eslint-plugin-template,"The use of ""$any"" nullifies the compile-time benefits of Angular's type system",,1.0.0,,,,,,,,,,,https://www.angular.courses/caniuse?tab=eslint,https://github.com/angular-eslint/angular-eslint/blob/main/packages/eslint-plugin-template/docs/rules/no-any.md,
ESLint,no-autofocus,angular-eslint/eslint-plugin-template,[Accessibility] Ensures that the autofocus attribute is not used,,1.0.0,,,,,,,,,,,https://www.angular.courses/caniuse?tab=eslint,https://github.com/angular-eslint/angular-eslint/blob/main/packages/eslint-plugin-template/docs/rules/no-autofocus.md,
ESLint,no-call-expression,angular-eslint/eslint-plugin-template,"Disallows calling expressions in templates, except for output handlers",,1.0.0,,,,,,,,,,,https://www.angular.courses/caniuse?tab=eslint,https://github.com/angular-eslint/angular-eslint/blob/main/packages/eslint-plugin-template/docs/rules/no-call-expression.md,
ESLint,no-distracting-elements,angular-eslint/eslint-plugin-template,[Accessibility] Enforces that no distracting elements are used,,1.0.0,,,,,,,,,,,https://www.angular.courses/caniuse?tab=eslint,https://github.com/angular-eslint/angular-eslint/blob/main/packages/eslint-plugin-template/docs/rules/no-distracting-elements.md,
ESLint,no-empty-control-flow,angular-eslint/eslint-plugin-template,Ensures that control flow blocks are not empty. Empty control flow blocks usually occur due to refactoring that wasn't completed. They can cause confusion when reading code.,,20.2.0,,,,available,,,,,,,https://www.angular.courses/caniuse?tab=eslint,https://github.com/angular-eslint/angular-eslint/blob/main/packages/eslint-plugin-template/docs/rules/no-empty-control-flow.md,
ESLint,no-inline-styles,angular-eslint/eslint-plugin-template,Disallows the use of inline styles in HTML templates,,14.3.0,,,,,,,,,,available,https://www.angular.courses/caniuse?tab=eslint,https://github.com/angular-eslint/angular-eslint/blob/main/packages/eslint-plugin-template/docs/rules/no-inline-styles.md,
ESLint,no-interpolation-in-attributes,angular-eslint/eslint-plugin-template,Ensures that property-binding is used instead of interpolation in attributes.,,15.2.0,,,,,,,,,available,,https://www.angular.courses/caniuse?tab=eslint,https://github.com/angular-eslint/angular-eslint/blob/main/packages/eslint-plugin-template/docs/rules/no-interpolation-in-attributes.md,
ESLint,no-negated-async,angular-eslint/eslint-plugin-template,"Ensures that async pipe results, as well as values used with the async pipe, are not negated",,1.0.0,,,,,,,,,,,https://www.angular.courses/caniuse?tab=eslint,https://github.com/angular-eslint/angular-eslint/blob/main/packages/eslint-plugin-template/docs/rules/no-negated-async.md,
ESLint,no-positive-tabindex,angular-eslint/eslint-plugin-template,Ensures that the tabindex attribute is not positive,,1.0.0,,,,,,,,,,,https://www.angular.courses/caniuse?tab=eslint,https://github.com/angular-eslint/angular-eslint/blob/main/packages/eslint-plugin-template/docs/rules/no-positive-tabindex.md,
ESLint,prefer-at-else,angular-eslint/eslint-plugin-template,Prefer using @else instead of a second @if with the opposite condition to reduce code and make it easier to read.,,20.4.0,,,,available,,,,,,,https://www.angular.courses/caniuse?tab=eslint,https://github.com/angular-eslint/angular-eslint/blob/main/packages/eslint-plugin-template/docs/rules/prefer-at-else.md,
ESLint,prefer-at-empty,angular-eslint/eslint-plugin-template,Prefer using @empty with @for loops instead of a separate @if or @else block to reduce code and make it easier to read.,,19.5.0,,,,,available,,,,,,https://www.angular.courses/caniuse?tab=eslint,https://github.com/angular-eslint/angular-eslint/blob/main/packages/eslint-plugin-template/docs/rules/prefer-at-empty.md,
ESLint,prefer-built-in-pipes,angular-eslint/eslint-plugin-template,"Encourages the use of Angular built-in pipes (e.g. lowercase, uppercase, titlecase) instead of certain JavaScript methods in Angular templates.",,20.5.0,,,,available,,,,,,,https://www.angular.courses/caniuse?tab=eslint,https://github.com/angular-eslint/angular-eslint/blob/main/packages/eslint-plugin-template/docs/rules/prefer-built-in-pipes.md,
ESLint,prefer-contextual-for-variables,angular-eslint/eslint-plugin-template,Ensures that contextual variables are used in @for blocks where possible instead of aliasing them.,,19.3.0,,,,,available,,,,,,https://www.angular.courses/caniuse?tab=eslint,https://github.com/angular-eslint/angular-eslint/blob/main/packages/eslint-plugin-template/docs/rules/prefer-contextual-for-variables.md,
ESLint,prefer-control-flow,angular-eslint/eslint-plugin-template,Ensures that the built-in control flow is used.,,17.1.0,,,,,,,available,,,,https://www.angular.courses/caniuse?tab=eslint,https://github.com/angular-eslint/angular-eslint/blob/main/packages/eslint-plugin-template/docs/rules/prefer-control-flow.md,
ESLint,prefer-ngsrc,angular-eslint/eslint-plugin-template,Ensures ngSrc is used instead of src for img elements,,16.2.0,,,,,,,,available,,,https://www.angular.courses/caniuse?tab=eslint,https://github.com/angular-eslint/angular-eslint/blob/main/packages/eslint-plugin-template/docs/rules/prefer-ngsrc.md,
ESLint,prefer-template-literal,angular-eslint/eslint-plugin-template,Ensure that template literals are used instead of concatenating strings or expressions.,,19.4.0,,,,,available,,,,,,https://www.angular.courses/caniuse?tab=eslint,https://github.com/angular-eslint/angular-eslint/blob/main/packages/eslint-plugin-template/docs/rules/prefer-template-literal.md,
ESLint,role-has-required-aria,angular-eslint/eslint-plugin-template,[Accessibility] Ensures elements with ARIA roles have all required properties for that role.,,14.2.0,,,,,,,,,,available,https://www.angular.courses/caniuse?tab=eslint,https://github.com/angular-eslint/angular-eslint/blob/main/packages/eslint-plugin-template/docs/rules/role-has-required-aria.md,
ESLint,table-scope,angular-eslint/eslint-plugin-template,[Accessibility] Ensures that the scope attribute is only used on the <th> element,,1.0.0,,,,,,,,,,,https://www.angular.courses/caniuse?tab=eslint,https://github.com/angular-eslint/angular-eslint/blob/main/packages/eslint-plugin-template/docs/rules/table-scope.md,
ESLint,use-track-by-function,angular-eslint/eslint-plugin-template,Ensures trackBy function is used,,1.0.0,,,,,,,,,,,https://www.angular.courses/caniuse?tab=eslint,https://github.com/angular-eslint/angular-eslint/blob/main/packages/eslint-plugin-template/docs/rules/use-track-by-function.md,
ESLint,valid-aria,angular-eslint/eslint-plugin-template,[Accessibility] Ensures that correct ARIA attributes and respective values are used,,1.0.0,,,,,,,,,,,https://www.angular.courses/caniuse?tab=eslint,https://github.com/angular-eslint/angular-eslint/blob/main/packages/eslint-plugin-template/docs/rules/valid-aria.md,
ESLint,attributes-order,angular-eslint/eslint-plugin-template,Ensures that HTML attributes and Angular bindings are sorted based on an expected order,,14.2.0,,,,,,,,,,available,https://www.angular.courses/caniuse?tab=eslint,https://github.com/angular-eslint/angular-eslint/blob/main/packages/eslint-plugin-template/docs/rules/attributes-order.md,
ESLint,prefer-self-closing-tags,angular-eslint/eslint-plugin-template,Ensures that self-closing tags are used for elements with a closing tag but no content.,,16.1.0,,,,,,,,available,,,https://www.angular.courses/caniuse?tab=eslint,https://github.com/angular-eslint/angular-eslint/blob/main/packages/eslint-plugin-template/docs/rules/prefer-self-closing-tags.md,
ESLint,prefer-static-string-properties,angular-eslint/eslint-plugin-template,Ensures that static string values use property assignment instead of property binding.,,19.1.0,,,,,available,,,,,,https://www.angular.courses/caniuse?tab=eslint,https://github.com/angular-eslint/angular-eslint/blob/main/packages/eslint-plugin-template/docs/rules/prefer-static-string-properties.md,
ESLint,prefer-signal-model,angular-eslint/eslint-plugin,Use model instead of input and output for two-way bindings,,21.1.0,,,available,,,,,,,,https://www.angular.courses/caniuse?tab=eslint,https://github.com/angular-eslint/angular-eslint/blob/main/packages/eslint-plugin/docs/rules/prefer-signal-model.md,
ESLint,no-implicit-takeuntil-destroyed,angular-eslint/eslint-plugin,Ensures that takeUntilDestroyed() is called with an explicit DestroyRef when used outside of an injection context,,21.2.0,,,available,,,,,,,,https://www.angular.courses/caniuse?tab=eslint,https://github.com/angular-eslint/angular-eslint/blob/main/packages/eslint-plugin/docs/rules/no-implicit-take-until-destroyed.md,
ESLint,prefer-class-binding,angular-eslint/eslint-plugin-template,Suggests using [class] bindings over ngClass where applicable,,21.2.0,,,available,,,,,,,,https://www.angular.courses/caniuse?tab=eslint,https://github.com/angular-eslint/angular-eslint/blob/main/packages/eslint-plugin-template/docs/rules/prefer-class-binding.md,
ESLint,computed-must-return,angular-eslint/eslint-plugin,Ensures that computed() returns a value. Omitting the value is likely a mistake.,,21.3.0,,,available,,,,,,,,https://www.angular.courses/caniuse?tab=eslint,https://github.com/angular-eslint/angular-eslint/blob/main/packages/eslint-plugin/docs/rules/computed-must-return.md,
ESLint,no-non-null-assertion,angular-eslint/eslint-plugin-template,Disallows the non-null assertion operator (!) in templates,,21.3.0,,,available,,,,,,,,https://www.angular.courses/caniuse?tab=eslint,https://github.com/angular-eslint/angular-eslint/blob/main/packages/eslint-plugin-template/docs/rules/no-non-null-assertion.md,
